Platform,Language,Category,Name,Username,Followers,Profile Link
TikTok,English,3D Animated,3D Animation,@animationicon,954400,https://www.tiktok.com/@animationicon
TikTok,English,3D Animated,S F 3D 2D,@short_films_3d_2d,613500,https://www.tiktok.com/@short_films_3d_2d
TikTok,English,3D Animated,3D Animation Channel,@3danimationchannel2,371300,https://www.tiktok.com/@3danimationchannel2
TikTok,English,3D Animated,3D-Animation,@2gdvibes,350000,https://www.tiktok.com/@2gdvibes
TikTok,English,3D Animated,3d animation,@3danimation377,276300,https://www.tiktok.com/@3danimation377
TikTok,English,3D Animated,AnimVerse Stories,@animverse3d,224500,https://www.tiktok.com/@animverse3d
TikTok,English,3D Animated,SB,@zb3danimation,184600,https://www.tiktok.com/@zb3danimation
TikTok,English,3D Animated,3d Cartoons World,@3d_cartoons_world,132200,https://www.tiktok.com/@3d_cartoons_world
TikTok,English,3D Animated,3D Animation .,@jump.clipse,107200,https://www.tiktok.com/@jump.clipse
TikTok,English,3D Animated,3D animation,@3d.animation59,106800,https://www.tiktok.com/@3d.animation59
TikTok,English,3D Animated,3d.animation04,@3d.animation04,94200,https://www.tiktok.com/@3d.animation04
TikTok,English,3D Animated,3D Animation,@3d.anmation,90900,https://www.tiktok.com/@3d.anmation
TikTok,English,3D Animated,3d cartoon video,@3dcartoon051,88500,https://www.tiktok.com/@3dcartoon051
TikTok,English,3D Animated,3d Anim Comedy,@3danimcomedy,78700,https://www.tiktok.com/@3danimcomedy
TikTok,English,3D Animated,3D animated story,@allana6982,74300,https://www.tiktok.com/@allana6982
TikTok,English,3D Animated,3D-Animation,@musicgt75,62900,https://www.tiktok.com/@musicgt75
TikTok,English,3D Animated,Purple Stars,@3danimated.stories,61000,https://www.tiktok.com/@3danimated.stories
TikTok,English,3D Animated,3dcartoon,@3dcartoon671,59200,https://www.tiktok.com/@3dcartoon671
TikTok,English,3D Animated,animation3D,@animation3d58,54100,https://www.tiktok.com/@animation3d58
TikTok,English,3D Animated,3DAnimationTalas1,@3danimationtalas,54100,https://www.tiktok.com/@3danimationtalas
TikTok,English,3D Animated,3D Animation,@03danimation,42400,https://www.tiktok.com/@03danimation
TikTok,English,3D Animated,3D animation,@3danimation272,39900,https://www.tiktok.com/@3danimation272
TikTok,English,3D Animated,3D Cartoon,@3dcartoons3,39600,https://www.tiktok.com/@3dcartoons3
TikTok,English,3D Animated,@Ai video 3d cartoon,@ai.video.3d.carto,38900,https://www.tiktok.com/@ai.video.3d.carto
TikTok,English,3D Animated,3D Animation,@3danimationusa,36800,https://www.tiktok.com/@3danimationusa
TikTok,English,3D Animated,3D animations,@3danimations2,34600,https://www.tiktok.com/@3danimations2
TikTok,English,3D Animated,3D cartoon,@3dcartoonstyle,33300,https://www.tiktok.com/@3dcartoonstyle
TikTok,English,3D Animated,3D Animation Hub,@3danimation.7,29400,https://www.tiktok.com/@3danimation.7
TikTok,English,3D Animated,3D Animation,@miemie1998m,29000,https://www.tiktok.com/@miemie1998m
TikTok,English,3D Animated,3d cartoon,@3danimation495,28900,https://www.tiktok.com/@3danimation495
TikTok,English,3D Animated,3d cartoon,@3dcartoon266,28600,https://www.tiktok.com/@3dcartoon266
TikTok,English,3D Animated,3dcartoon523,@3dcartoon523,28400,https://www.tiktok.com/@3dcartoon523
TikTok,English,3D Animated,3D animations,@3d._.shorts,25700,https://www.tiktok.com/@3d._.shorts
TikTok,English,3D Animated,Mini Stars 3d Cartoon,@ministars3dcartoon,25000,https://www.tiktok.com/@ministars3dcartoon
TikTok,English,3D Animated,Ai 3Danimation Moveracap,@myko9199,21300,https://www.tiktok.com/@myko9199
TikTok,English,3D Animated,3D vegetables cartoon,@cartoon_animation55,20100,https://www.tiktok.com/@cartoon_animation55
TikTok,English,3D Animated,3D animation Storytelling,@enjoythemusic2026,18900,https://www.tiktok.com/@enjoythemusic2026
TikTok,English,3D Animated,Animated3DAnime,@animated3danime,17600,https://www.tiktok.com/@animated3danime
TikTok,English,3D Animated,3Danimation346,@3danimation346,17300,https://www.tiktok.com/@3danimation346
TikTok,English,3D Animated,3D cartoon,@3d.cartoon126,16000,https://www.tiktok.com/@3d.cartoon126
TikTok,English,3D Animated,Add animation,@3danimation662,15300,https://www.tiktok.com/@3danimation662
TikTok,English,3D Animated,3danimation,@3danimation1535,14800,https://www.tiktok.com/@3danimation1535
TikTok,English,3D Animated,3D Cartoon,@hooraincr,14100,https://www.tiktok.com/@hooraincr
TikTok,English,3D Animated,3d movies,@3danimatedmovies,13200,https://www.tiktok.com/@3danimatedmovies
TikTok,English,3D Animated,Animation,@3d.animation19,12500,https://www.tiktok.com/@3d.animation19
TikTok,English,3D Animated,3D Animation,@3danimationfilm,12400,https://www.tiktok.com/@3danimationfilm
TikTok,English,3D Animated,Animation,@animationpixarstyle,11000,https://www.tiktok.com/@animationpixarstyle
TikTok,English,3D Animated,Zack L . films,@3danimated00,10700,https://www.tiktok.com/@3danimated00
TikTok,English,3D Animated,3D Animation,@3danimation120,10500,https://www.tiktok.com/@3danimation120
TikTok,English,3D Animated,3D-Animation,@3danimation21,10400,https://www.tiktok.com/@3danimation21
TikTok,English,AI Content,Yana Do,@yanadoga,11000000,https://www.tiktok.com/@yanadoga
TikTok,English,AI Content,Aidar Kalimullin,@aidarkin,8700000,https://www.tiktok.com/@aidarkin
TikTok,English,AI Content,AnimeVerse,@aidramalabs_anime2,7400000,https://www.tiktok.com/@aidramalabs_anime2
TikTok,English,AI Content,Shape of Desire,@aidramalabs_pulse0,6900000,https://www.tiktok.com/@aidramalabs_pulse0
TikTok,English,AI Content,Moving into nightmares,@aidramalabs.daily,5400000,https://www.tiktok.com/@aidramalabs.daily
TikTok,English,AI Content,Magical Vibe,@aidramalabs.pulse,5100000,https://www.tiktok.com/@aidramalabs.pulse
TikTok,English,AI Content,MENTALITY.COM,@motivation,4400000,https://www.tiktok.com/@motivation
TikTok,English,AI Content,AnimeFlux Daily,@aidramalabs.anime,3800000,https://www.tiktok.com/@aidramalabs.anime
TikTok,English,AI Content,Twisted Tales,@aidramalabs_master,3100000,https://www.tiktok.com/@aidramalabs_master
TikTok,English,AI Content,🥀Ai cat Stories🥀,@aicatstories3,2200000,https://www.tiktok.com/@aicatstories3
TikTok,English,AI Content,motivation._.lady._offi8,@motivation._.lady._offi8,2000000,https://www.tiktok.com/@motivation._.lady._offi8
TikTok,English,AI Content,Fuzzy Friends,@aidramalabs_tv,1900000,https://www.tiktok.com/@aidramalabs_tv
TikTok,English,AI Content,LEARN TV,@avtcartoon,1400000,https://www.tiktok.com/@avtcartoon
TikTok,English,AI Content,History Season,@historyseason,1400000,https://www.tiktok.com/@historyseason
TikTok,English,AI Content,AI CAT,@aicat012,1400000,https://www.tiktok.com/@aicat012
TikTok,English,AI Content,1keaahistory,@1keaahistory,1300000,https://www.tiktok.com/@1keaahistory
TikTok,English,AI Content,Anime Pro,@aidramalabs.maste,1200000,https://www.tiktok.com/@aidramalabs.maste
TikTok,English,AI Content,Aicutebaby,@aicutebabya,1100000,https://www.tiktok.com/@aicutebabya
TikTok,English,AI Content,Aicartoon.1M,@aicartoon1m1,982700,https://www.tiktok.com/@aicartoon1m1
TikTok,English,AI Content,elaine4animals,@elaine4animals,934300,https://www.tiktok.com/@elaine4animals
TikTok,English,AI Content,syd👹,@sydthehorrorkid1,835500,https://www.tiktok.com/@sydthehorrorkid1
TikTok,English,AI Content,Next Episode,@aidramalabs.tv,727800,https://www.tiktok.com/@aidramalabs.tv
TikTok,English,AI Content,Ai Fruits Dramas,@ai.fruits.dramas,678400,https://www.tiktok.com/@ai.fruits.dramas
TikTok,English,AI Content,History AI,@timeportals,647100,https://www.tiktok.com/@timeportals
TikTok,English,AI Content,IcatZone,@icatzone,631400,https://www.tiktok.com/@icatzone
TikTok,English,AI Content,MiAnimation,@mianimation_studio,594300,https://www.tiktok.com/@mianimation_studio
TikTok,English,AI Content,aido,@aidopotatoo,590000,https://www.tiktok.com/@aidopotatoo
TikTok,English,AI Content,ATA Animation Studio,@ataanimation,588100,https://www.tiktok.com/@ataanimation
TikTok,English,AI Content,Ai Drama Vault,@aidramavault,579300,https://www.tiktok.com/@aidramavault
TikTok,English,AI Content,Tie Animation,@tieanimati0n,552400,https://www.tiktok.com/@tieanimati0n
TikTok,English,AI Content,oiiacat_ethel,@oiiacat_ethel,541600,https://www.tiktok.com/@oiiacat_ethel
TikTok,English,AI Content,MiLei_RayDog,@mileiraydog,531200,https://www.tiktok.com/@mileiraydog
TikTok,English,AI Content,Ai Fruit Story,@aifruitstory42,516100,https://www.tiktok.com/@aifruitstory42
TikTok,English,AI Content,404 Ai Movies,@aimoviesby404,496700,https://www.tiktok.com/@aimoviesby404
TikTok,English,AI Content,animation,@animati.on,480700,https://www.tiktok.com/@animati.on
TikTok,English,AI Content,History Ai,@history.a.i,479900,https://www.tiktok.com/@history.a.i
TikTok,English,AI Content,__αι_〽️υʂιƈ,@__ai_music,441800,https://www.tiktok.com/@__ai_music
TikTok,English,AI Content,𝙰𝚒 𝙲𝚊𝚛𝚝𝚘𝚘𝚗 𝚅𝚒𝚍𝚎𝚘,@aicartoonvideo98,430000,https://www.tiktok.com/@aicartoonvideo98
TikTok,English,AI Content,Motivation,@_motivatio_n,422500,https://www.tiktok.com/@_motivatio_n
TikTok,English,AI Content,aifruitstudio001,@aifruitstudio001,398400,https://www.tiktok.com/@aifruitstudio001
TikTok,English,AI Content,Evildogi,@evildogi,397900,https://www.tiktok.com/@evildogi
TikTok,English,AI Content,Animal Story,@animalstory288,392700,https://www.tiktok.com/@animalstory288
TikTok,English,AI Content,Ai baby,@sunshine66922,377500,https://www.tiktok.com/@sunshine66922
TikTok,English,AI Content,N i s h a🕋,@aibabyzone99,353300,https://www.tiktok.com/@aibabyzone99
TikTok,English,AI Content,RealBibleStories,@realbiblestories,345100,https://www.tiktok.com/@realbiblestories
TikTok,English,AI Content,ai fruit stories,@aifruitstories664,329800,https://www.tiktok.com/@aifruitstories664
TikTok,English,AI Content,AI cat(收徒),@5aicat,328700,https://www.tiktok.com/@5aicat
TikTok,English,AI Content,Cartoon 2025,@nikkoxux3ua,325200,https://www.tiktok.com/@nikkoxux3ua
TikTok,English,AI Content,DOG WIT A BLOG🐶🎥,@baby3akakev,322500,https://www.tiktok.com/@baby3akakev
TikTok,English,AI Content,fruity,@aifruity.1,295500,https://www.tiktok.com/@aifruity.1
TikTok,English,AI Content,Ananse Toon Tales,@aigod48,287900,https://www.tiktok.com/@aigod48
TikTok,English,AI Content,afruitstorys,@afruitstorys,275400,https://www.tiktok.com/@afruitstorys
TikTok,English,AI Content,AI Cartoon clips,@new.cartoon.videos,271200,https://www.tiktok.com/@new.cartoon.videos
TikTok,English,AI Content,AIBabyVibez,@aibabyvibez,261100,https://www.tiktok.com/@aibabyvibez
TikTok,English,AI Content,Animations IA Vidéo 🤣🤣,@cheick3599,256700,https://www.tiktok.com/@cheick3599
TikTok,English,AI Content,The Storyteller,@aidramalabs_live,256300,https://www.tiktok.com/@aidramalabs_live
TikTok,English,AI Content,Aicartoon,@aicartoon684,254200,https://www.tiktok.com/@aicartoon684
TikTok,English,AI Content,Doğa Ersoy,@dogaersoyy,253200,https://www.tiktok.com/@dogaersoyy
TikTok,English,AI Content,Animation Cart00n,@animati0n.cartoon,248600,https://www.tiktok.com/@animati0n.cartoon
TikTok,English,AI Content,FunnyAICat,@funnyaicat.77,246600,https://www.tiktok.com/@funnyaicat.77
TikTok,English,AI Content,ai motivation,@aimotivation11,227000,https://www.tiktok.com/@aimotivation11
TikTok,English,AI Content,History Ai,@historiai.11,222200,https://www.tiktok.com/@historiai.11
TikTok,English,AI Content,Ai video,@aivideo_114,219700,https://www.tiktok.com/@aivideo_114
TikTok,English,AI Content,I M🔹MUSIC🔹,@imtiazwrites02,219200,https://www.tiktok.com/@imtiazwrites02
TikTok,English,AI Content,I ❤️ MUSIC,@lnsontoxufk,216200,https://www.tiktok.com/@lnsontoxufk
TikTok,English,AI Content,Animal AI,@animalai88,214800,https://www.tiktok.com/@animalai88
TikTok,English,AI Content,_iahistorys,@_iahistorys,213200,https://www.tiktok.com/@_iahistorys
TikTok,English,AI Content,Ai storytelling,@aistorytelling779,210900,https://www.tiktok.com/@aistorytelling779
TikTok,English,AI Content,AiDrama,@aidramausa,209000,https://www.tiktok.com/@aidramausa
TikTok,English,AI Content,aimotivationalclip,@aimotivationalclip,204400,https://www.tiktok.com/@aimotivationalclip
TikTok,English,AI Content,Animals Story 247,@animal.story247,200300,https://www.tiktok.com/@animal.story247
TikTok,English,AI Content,AI Drama🎬,@aidrama18,197800,https://www.tiktok.com/@aidrama18
TikTok,English,AI Content,Ai Fruit Animation,@ai_animation_ch,196200,https://www.tiktok.com/@ai_animation_ch
TikTok,English,AI Content,ANNA ASTI,@ast.imusic,195800,https://www.tiktok.com/@ast.imusic
TikTok,English,AI Content,Ai MOVIE!,@ai.movie3456,193200,https://www.tiktok.com/@ai.movie3456
TikTok,English,AI Content,Ai Story Zone,@aistory.zone,191500,https://www.tiktok.com/@aistory.zone
TikTok,English,AI Content,aifruitfun,@aifruitfun,188700,https://www.tiktok.com/@aifruitfun
TikTok,English,AI Content,IAMAFIYAMUSIC,@iamafiyamusic,187800,https://www.tiktok.com/@iamafiyamusic
TikTok,English,AI Content,Ai Story,@zix.ly,186500,https://www.tiktok.com/@zix.ly
TikTok,English,AI Content,AI Baby Talks Funny Jokes,@mahakhan200k,186200,https://www.tiktok.com/@mahakhan200k
TikTok,English,AI Content,AI MOVIE SECRETS,@ai.movie.secrets,181700,https://www.tiktok.com/@ai.movie.secrets
TikTok,English,AI Content,BABY AI,@babyai6434,181000,https://www.tiktok.com/@babyai6434
TikTok,English,AI Content,Ai Videos,@mianazhar099,178300,https://www.tiktok.com/@mianazhar099
TikTok,English,AI Content,iHistory blaq,@ihistory.blaq,175900,https://www.tiktok.com/@ihistory.blaq
TikTok,English,AI Content,Ai Cartoon,@ai.cartoon659,173400,https://www.tiktok.com/@ai.cartoon659
TikTok,English,AI Content,The Animator,@aidramalabs_art,172500,https://www.tiktok.com/@aidramalabs_art
TikTok,English,AI Content,Bintang Dogiyai 23,@alfred_f.anouw,170500,https://www.tiktok.com/@alfred_f.anouw
TikTok,English,AI Content,ai.baby.161,@ai.baby.161,163100,https://www.tiktok.com/@ai.baby.161
TikTok,English,AI Content,❤️😂 viral Ansari,@ai.cat43,162300,https://www.tiktok.com/@ai.cat43
TikTok,English,AI Content,cartoon videos,@hamid.ahmid0,159100,https://www.tiktok.com/@hamid.ahmid0
TikTok,English,AI Content,AI BABY HOUSE,@veggievision.ai,158300,https://www.tiktok.com/@veggievision.ai
TikTok,English,AI Content,Ai video mini serie,@aifruit643,157100,https://www.tiktok.com/@aifruit643
TikTok,English,AI Content,aifruitaloo2.2,@aifruitaloo2.2,157000,https://www.tiktok.com/@aifruitaloo2.2
TikTok,English,AI Content,A.I Superhit Cartoons,@usas.superhit.car,156300,https://www.tiktok.com/@usas.superhit.car
TikTok,English,AI Content,aitrend💹,@aianimationworld25,153500,https://www.tiktok.com/@aianimationworld25
TikTok,English,AI Content,Crazy Squad,@aicat449,152900,https://www.tiktok.com/@aicat449
TikTok,English,AI Content,Bible Stories,@bible.stories28,148300,https://www.tiktok.com/@bible.stories28
TikTok,English,AI Content,ai.baby.140,@ai.baby.140,147400,https://www.tiktok.com/@ai.baby.140
TikTok,English,AI Content,Ai animation World,@ai.animation.worl56,146900,https://www.tiktok.com/@ai.animation.worl56
TikTok,English,AI Content,Cartoon,@lammyibzrn6,144900,https://www.tiktok.com/@lammyibzrn6
TikTok,English,AI Content,Ai Story,@aistory1238,143100,https://www.tiktok.com/@aistory1238
TikTok,English,AI Content,Ai Videos 2025,@ai_videos_2025_,139700,https://www.tiktok.com/@ai_videos_2025_
TikTok,English,AI Content,nature_amaized,@ai_animals16,139400,https://www.tiktok.com/@ai_animals16
TikTok,English,AI Content,Ai Movie Lab,@aimovielabatory,130600,https://www.tiktok.com/@aimovielabatory
TikTok,English,AI Content,FlorkTok,@ianimation1,124700,https://www.tiktok.com/@ianimation1
TikTok,English,AI Content,ai.cartoon,@ai.catcartoon,123900,https://www.tiktok.com/@ai.catcartoon
TikTok,English,AI Content,Online Nakshe Wala,@engrsaqibdoga,123000,https://www.tiktok.com/@engrsaqibdoga
TikTok,English,AI Content,DIN_ANIMASI,@animasi_ai6,120000,https://www.tiktok.com/@animasi_ai6
TikTok,English,AI Content,AI animals,@tuochen53,117700,https://www.tiktok.com/@tuochen53
TikTok,English,AI Content,AI Cat's 😺,@aicatstv,115800,https://www.tiktok.com/@aicatstv
TikTok,English,AI Content,baby_ai_video,@baby_ai_fashion,114300,https://www.tiktok.com/@baby_ai_fashion
TikTok,English,AI Content,Ai Alwo Cartoon,@aiawlocartoon1,113000,https://www.tiktok.com/@aiawlocartoon1
TikTok,English,AI Content,Ai,@animalstory132,112200,https://www.tiktok.com/@animalstory132
TikTok,English,AI Content,fruit ai drama,@fruitaidramaa,111900,https://www.tiktok.com/@fruitaidramaa
TikTok,English,AI Content,Animation ai,@quiz61282,111000,https://www.tiktok.com/@quiz61282
TikTok,English,AI Content,Bright AICAT,@bright.aicat,109700,https://www.tiktok.com/@bright.aicat
TikTok,English,AI Content,Kids & Stories,@kids.stories530,109600,https://www.tiktok.com/@kids.stories530
TikTok,English,AI Content,Ai animals 🐊,@meow.papa77,108400,https://www.tiktok.com/@meow.papa77
TikTok,English,AI Content,ai video,@efghijklmnop29,107700,https://www.tiktok.com/@efghijklmnop29
TikTok,English,AI Content,IAdramaseries,@iadramaseries,106700,https://www.tiktok.com/@iadramaseries
TikTok,English,AI Content,AI STORY,@ai.story_video.ai,105300,https://www.tiktok.com/@ai.story_video.ai
TikTok,English,AI Content,tung faz,@aicat973,105200,https://www.tiktok.com/@aicat973
TikTok,English,AI Content,TakeNe,@aidrama.likseetv,102500,https://www.tiktok.com/@aidrama.likseetv
TikTok,English,AI Content,ai cat,@comedy.club128,102300,https://www.tiktok.com/@comedy.club128
TikTok,English,AI Content,Ai animation,@vera_mmd_official,101700,https://www.tiktok.com/@vera_mmd_official
TikTok,English,AI Content,aifruit,@fruitaidrama13,99900,https://www.tiktok.com/@fruitaidrama13
TikTok,English,AI Content,AI CATS,@aicats045,99900,https://www.tiktok.com/@aicats045
TikTok,English,AI Content,Animation Stories,@aianimationstories,99000,https://www.tiktok.com/@aianimationstories
TikTok,English,AI Content,AiMovieTrailers_,@aimovietrailers_,98300,https://www.tiktok.com/@aimovietrailers_
TikTok,English,AI Content,Ai Nagin World,@aigeneratednagin,97400,https://www.tiktok.com/@aigeneratednagin
TikTok,English,AI Content,ai cat,@funnyaicat24,97200,https://www.tiktok.com/@funnyaicat24
TikTok,English,AI Content,aibabytravels,@aibabytravels,94000,https://www.tiktok.com/@aibabytravels
TikTok,English,AI Content,Ai Doc,@doctorai73,91900,https://www.tiktok.com/@doctorai73
TikTok,English,AI Content,Frameonix.ai,@frameonix.ai,90000,https://www.tiktok.com/@frameonix.ai
TikTok,English,AI Content,Ai Drama,@aidramaa9,89000,https://www.tiktok.com/@aidramaa9
TikTok,English,AI Content,Ai.Cartoon,@ai.cartoon2803,84400,https://www.tiktok.com/@ai.cartoon2803
TikTok,English,AI Content,AI Baby Talks - Desi Jokes 🤣,@aibabytalks.official,84400,https://www.tiktok.com/@aibabytalks.official
TikTok,English,AI Content,AI DRAMA,@usa.drama.ai,83500,https://www.tiktok.com/@usa.drama.ai
TikTok,English,AI Content,Ai Baby Funny ☑️ 🤣,@sawaraptiarmy,78600,https://www.tiktok.com/@sawaraptiarmy
TikTok,English,AI Content,Ai Baby,@cutebaby.ai2026,75100,https://www.tiktok.com/@cutebaby.ai2026
TikTok,English,AI Content,afruitstory,@afruitstory,74900,https://www.tiktok.com/@afruitstory
TikTok,English,AI Content,AI MOVIE RECAP,@chue.chue4262,73300,https://www.tiktok.com/@chue.chue4262
TikTok,English,AI Content,ai_cats,@cattoxic1,71200,https://www.tiktok.com/@cattoxic1
TikTok,English,AI Content,JANNY1727🇺🇸,@aigeneratedvideoartsudio,67000,https://www.tiktok.com/@aigeneratedvideoartsudio
TikTok,English,AI Content,MOJI AI EDITOR 🌍✅,@aianimation714,65600,https://www.tiktok.com/@aianimation714
TikTok,English,AI Content,Fruit Aistory,@fruit.aistory5,64900,https://www.tiktok.com/@fruit.aistory5
TikTok,English,AI Content,Ai drama,@ai.kurdishstory,64000,https://www.tiktok.com/@ai.kurdishstory
TikTok,English,AI Content,⚜️AI story⚜️,@fun.world709,63800,https://www.tiktok.com/@fun.world709
TikTok,English,AI Content,AI Video,@aivideoapp,63600,https://www.tiktok.com/@aivideoapp
TikTok,English,AI Content,ai cat.,@catvideos566,62700,https://www.tiktok.com/@catvideos566
TikTok,English,AI Content,AI•Fruit 🍎,@aifruit904,62200,https://www.tiktok.com/@aifruit904
TikTok,English,AI Content,AI Story 🔥,@ai.story7222,61700,https://www.tiktok.com/@ai.story7222
TikTok,English,AI Content,A.I.C video,@a.i.c_video,61000,https://www.tiktok.com/@a.i.c_video
TikTok,English,AI Content,Ai fruit Story,@aifruit490,61000,https://www.tiktok.com/@aifruit490
TikTok,English,AI Content,noa simone,@cartoon_eggs,60400,https://www.tiktok.com/@cartoon_eggs
TikTok,English,AI Content,AI CAT,@cat.meow12345,60400,https://www.tiktok.com/@cat.meow12345
TikTok,English,AI Content,Ai Story ⛎,@thecatstory2,58700,https://www.tiktok.com/@thecatstory2
TikTok,English,AI Content,DramaIA,@novelasia.com,57400,https://www.tiktok.com/@novelasia.com
TikTok,English,AI Content,Ai story,@da_zhwand_qissa,55700,https://www.tiktok.com/@da_zhwand_qissa
TikTok,English,AI Content,Ai Animation Crate by Danny,@aianimationcreatebydanny,55200,https://www.tiktok.com/@aianimationcreatebydanny
TikTok,English,AI Content,Ai Animation Story,@ai.animation.stor2,51600,https://www.tiktok.com/@ai.animation.stor2
TikTok,English,AI Content,_xx_i_am_cartoon_xx_,@xx_karan_chavan_xx,51000,https://www.tiktok.com/@xx_karan_chavan_xx
TikTok,English,AI Content,AI story🎨🎬🎭,@aistory979,50000,https://www.tiktok.com/@aistory979
TikTok,English,AI Content,Ai videos,@ai.videos9393,48200,https://www.tiktok.com/@ai.videos9393
TikTok,English,AI Content,toon_cartoon,@toon_cartoon8,47300,https://www.tiktok.com/@toon_cartoon8
TikTok,English,AI Content,Ai cat02,@aicat02220,45300,https://www.tiktok.com/@aicat02220
TikTok,English,AI Content,aifruitcore,@aifruitcore.73,44300,https://www.tiktok.com/@aifruitcore.73
TikTok,English,AI Content,AI Animals Video,@aianimalsvideotiktok,44200,https://www.tiktok.com/@aianimalsvideotiktok
TikTok,English,AI Content,ai video,@ai.video1819,43900,https://www.tiktok.com/@ai.video1819
TikTok,English,AI Content,AI Fruit 🍉 🍎,@capcutpou,43600,https://www.tiktok.com/@capcutpou
TikTok,English,AI Content,Ai Animation Word,@ai.animation.word,43100,https://www.tiktok.com/@ai.animation.word
TikTok,English,AI Content,AI story,@ai.story1268,43000,https://www.tiktok.com/@ai.story1268
TikTok,English,AI Content,Animal story,@animalstory206,41700,https://www.tiktok.com/@animalstory206
TikTok,English,AI Content,Ai Animation Hub,@aianimathub,40700,https://www.tiktok.com/@aianimathub
TikTok,English,AI Content,Ai Baby,@ai.baby4462,40500,https://www.tiktok.com/@ai.baby4462
TikTok,English,AI Content,Biblical Whispers,@bible_stories_animation1,39800,https://www.tiktok.com/@bible_stories_animation1
TikTok,English,AI Content,AI.Movies,@ai.movies08,38500,https://www.tiktok.com/@ai.movies08
TikTok,English,AI Content,AI animation series,@mindset309,38300,https://www.tiktok.com/@mindset309
TikTok,English,AI Content,aihistoryph,@aihistoryph,37900,https://www.tiktok.com/@aihistoryph
TikTok,English,AI Content,Historia i Mitologia Ai,@aihistorycznie,37900,https://www.tiktok.com/@aihistorycznie
TikTok,English,AI Content,Vidu AI,@vidu_ai,37100,https://www.tiktok.com/@vidu_ai
TikTok,English,AI Content,Aloo • Monkey Studio 🎥,@aianimations69,36800,https://www.tiktok.com/@aianimations69
TikTok,English,AI Content,Quick Bible Stories,@quick.bible.stories,36700,https://www.tiktok.com/@quick.bible.stories
TikTok,English,AI Content,Ai cat,@aicat703,36300,https://www.tiktok.com/@aicat703
TikTok,English,AI Content,Ai dog Lover 🐕,@aicat_lover0,35700,https://www.tiktok.com/@aicat_lover0
TikTok,English,AI Content,AI Video,@latenightcommentary,35600,https://www.tiktok.com/@latenightcommentary
TikTok,English,AI Content,AI Drama,@sunnycartoon4,35300,https://www.tiktok.com/@sunnycartoon4
TikTok,English,AI Content,Ai cat 🐱,@cataicartoons0,33600,https://www.tiktok.com/@cataicartoons0
TikTok,English,AI Content,aibaby 🐥🍼,@aibabyvideos53,33300,https://www.tiktok.com/@aibabyvideos53
TikTok,English,AI Content,AI+VIDEO,@dramas_20240910,32500,https://www.tiktok.com/@dramas_20240910
TikTok,English,AI Content,AI Animal Stories ☑️,@bestaianimalstories,31700,https://www.tiktok.com/@bestaianimalstories
TikTok,English,AI Content,AI_Music_Magic,@aimusicmagic,31600,https://www.tiktok.com/@aimusicmagic
TikTok,English,AI Content,ai videos,@fruit.story643,30800,https://www.tiktok.com/@fruit.story643
TikTok,English,AI Content,Ai Comedy,@ai.comedy07,30400,https://www.tiktok.com/@ai.comedy07
TikTok,English,AI Content,horrorylab,@horrorylab,30400,https://www.tiktok.com/@horrorylab
TikTok,English,AI Content,STORIES CORNER,@redditcorner.ldta,30200,https://www.tiktok.com/@redditcorner.ldta
TikTok,English,AI Content,Bible Stories Made Easy,@biblestoriesmadeeasy,30100,https://www.tiktok.com/@biblestoriesmadeeasy
TikTok,English,AI Content,Ai Animation,@ai.animation4311,29700,https://www.tiktok.com/@ai.animation4311
TikTok,English,AI Content,Animal story,@animalstory38,29600,https://www.tiktok.com/@animalstory38
TikTok,English,AI Content,catam,@catam2150,29500,https://www.tiktok.com/@catam2150
TikTok,English,AI Content,Ai Comedy,@aiclubfun,29400,https://www.tiktok.com/@aiclubfun
TikTok,English,AI Content,tkaigog,@aidog463,29200,https://www.tiktok.com/@aidog463
TikTok,English,AI Content,ai.baby.174,@lexbeautywellness,29100,https://www.tiktok.com/@lexbeautywellness
TikTok,English,AI Content,Ai Animation,@ai.animation548,28900,https://www.tiktok.com/@ai.animation548
TikTok,English,AI Content,Ai Cats,@ai.cats520,28300,https://www.tiktok.com/@ai.cats520
TikTok,English,AI Content,Aisha 🦋│Animal Activist 🐧,@aishawithaneye,28000,https://www.tiktok.com/@aishawithaneye
TikTok,English,AI Content,Fruit Aistory,@fruit.aistory2,27700,https://www.tiktok.com/@fruit.aistory2
TikTok,English,AI Content,AI Videos,@aivideos.com.uk,27300,https://www.tiktok.com/@aivideos.com.uk
TikTok,English,AI Content,aicomedy,@ai_comedic,26900,https://www.tiktok.com/@ai_comedic
TikTok,English,AI Content,Bible stories in Pidgin,@biblestoriesinpidgin,26100,https://www.tiktok.com/@biblestoriesinpidgin
TikTok,English,AI Content,Ai control offline,@ziggi739,25400,https://www.tiktok.com/@ziggi739
TikTok,English,AI Content,Ai History Myanmar,@aihistorymyanmar_,25300,https://www.tiktok.com/@aihistorymyanmar_
TikTok,English,AI Content,aicat.813,@aicat.813,25100,https://www.tiktok.com/@aicat.813
TikTok,English,AI Content,Life,@aianimation474,24700,https://www.tiktok.com/@aianimation474
TikTok,English,AI Content,SHARVARI,@saikomi26,24100,https://www.tiktok.com/@saikomi26
TikTok,English,AI Content,ai baby,@baby.podcast28,23600,https://www.tiktok.com/@baby.podcast28
TikTok,English,AI Content,juice verse lab,@aianimals_819,23300,https://www.tiktok.com/@aianimals_819
TikTok,English,AI Content,user10420238293,@aianimationstudios,23200,https://www.tiktok.com/@aianimationstudios
TikTok,English,AI Content,Ai comedy and video,@funny.zone498,23100,https://www.tiktok.com/@funny.zone498
TikTok,English,AI Content,AI Kids Cartoon Stories,@aikidscartoonstories7,23000,https://www.tiktok.com/@aikidscartoonstories7
TikTok,English,AI Content,ワンコのきもち。,@aidog556,22900,https://www.tiktok.com/@aidog556
TikTok,English,AI Content,Animalsstory,@funnyvibe202,22200,https://www.tiktok.com/@funnyvibe202
TikTok,English,AI Content,A I Gold 🦋,@ekuaai_47,21700,https://www.tiktok.com/@ekuaai_47
TikTok,English,AI Content,cartoon00g,@cartoon00g,21500,https://www.tiktok.com/@cartoon00g
TikTok,English,AI Content,AiCAT,@aicat_pl,21100,https://www.tiktok.com/@aicat_pl
TikTok,English,AI Content,Aimovie,@aimovie426,20500,https://www.tiktok.com/@aimovie426
TikTok,English,AI Content,Daily Bible Stories!!,@dailybiblestories12,20300,https://www.tiktok.com/@dailybiblestories12
TikTok,English,AI Content,Horror AI,@horror._.ai,20100,https://www.tiktok.com/@horror._.ai
TikTok,English,AI Content,ai story,@www.aistory,19900,https://www.tiktok.com/@www.aistory
TikTok,English,AI Content,Ai History,@usernamee4757,19900,https://www.tiktok.com/@usernamee4757
TikTok,English,AI Content,Ai dog 786,@aidog14,19500,https://www.tiktok.com/@aidog14
TikTok,English,AI Content,animalsstory,@animalsstory69,19100,https://www.tiktok.com/@animalsstory69
TikTok,English,AI Content,Ai Baby,@aibabyworld98,18700,https://www.tiktok.com/@aibabyworld98
TikTok,English,AI Content,Ai Horror Katha,@aihorrorkatha,18300,https://www.tiktok.com/@aihorrorkatha
TikTok,English,AI Content,Ai baby,@salariqbal0,18200,https://www.tiktok.com/@salariqbal0
TikTok,English,AI Content,AI VIDEO,@aivideos30211,18000,https://www.tiktok.com/@aivideos30211
TikTok,English,AI Content,Aifruit siixo,@aifruit.siixo,17500,https://www.tiktok.com/@aifruit.siixo
TikTok,English,AI Content,AI Horrors 🇯🇵,@horror_mire,17500,https://www.tiktok.com/@horror_mire
TikTok,English,AI Content,Ai Cartoon 😘❤️,@cartoonvideo486,17100,https://www.tiktok.com/@cartoonvideo486
TikTok,English,AI Content,My Bible stories,@childrenbiblestories,17100,https://www.tiktok.com/@childrenbiblestories
TikTok,English,AI Content,AI HISTORY,@ai_histori3,17000,https://www.tiktok.com/@ai_histori3
TikTok,English,AI Content,Ai (Cat),@aicatvideos3061004,16900,https://www.tiktok.com/@aicatvideos3061004
TikTok,English,AI Content,Ai Videos,@dailymovitation,16800,https://www.tiktok.com/@dailymovitation
TikTok,English,AI Content,AI history,@aihistory55,16700,https://www.tiktok.com/@aihistory55
TikTok,English,AI Content,Ai Video,@ai.video3856,16500,https://www.tiktok.com/@ai.video3856
TikTok,English,AI Content,Ai baby,@miniaturehomes7,16300,https://www.tiktok.com/@miniaturehomes7
TikTok,English,AI Content,AIComedy,@aicomedy14,16300,https://www.tiktok.com/@aicomedy14
TikTok,English,AI Content,aidrama,@aidramaepisodes,16200,https://www.tiktok.com/@aidramaepisodes
TikTok,English,AI Content,Ai Baby,@aiviralbaby,15500,https://www.tiktok.com/@aiviralbaby
TikTok,English,AI Content,Kids_Stories,@kids_stories168,15100,https://www.tiktok.com/@kids_stories168
TikTok,English,AI Content,BibleStories,@biblestories927,15000,https://www.tiktok.com/@biblestories927
TikTok,English,AI Content,Ai History,@yourtrustshop2,14900,https://www.tiktok.com/@yourtrustshop2
TikTok,English,AI Content,Abas Afro drama,@aishortfilm80,14800,https://www.tiktok.com/@aishortfilm80
TikTok,English,AI Content,Ai storys,@aistorys601,14700,https://www.tiktok.com/@aistorys601
TikTok,English,AI Content,AiDrama AZ,@aidramaazz,14700,https://www.tiktok.com/@aidramaazz
TikTok,English,AI Content,ai drama,@ai.drama576,14600,https://www.tiktok.com/@ai.drama576
TikTok,English,AI Content,Aicartoon,@modivine1,14500,https://www.tiktok.com/@modivine1
TikTok,English,AI Content,ai video,@abdulajj5aj,14500,https://www.tiktok.com/@abdulajj5aj
TikTok,English,AI Content,Ai Video,@aivideo9987,14200,https://www.tiktok.com/@aivideo9987
TikTok,English,AI Content,AI POV,@ai.by.pov,14200,https://www.tiktok.com/@ai.by.pov
TikTok,English,AI Content,AI Movies,@aimovie030,14100,https://www.tiktok.com/@aimovie030
TikTok,English,AI Content,Ai.Video,@ai.video12ai,13500,https://www.tiktok.com/@ai.video12ai
TikTok,English,AI Content,Brew Report: AI Bible Stories,@aibiblereport,13500,https://www.tiktok.com/@aibiblereport
TikTok,English,AI Content,AI animation,@ai33animation,13400,https://www.tiktok.com/@ai33animation
TikTok,English,AI Content,ai.cat,@ai.cat01,13400,https://www.tiktok.com/@ai.cat01
TikTok,English,AI Content,Kids Bible Stories,@biblestories4kids4life,13300,https://www.tiktok.com/@biblestories4kids4life
TikTok,English,AI Content,KIDS BIBLE STORIES,@kidsbiblestories6,13300,https://www.tiktok.com/@kidsbiblestories6
TikTok,English,AI Content,Aicat,@p6foezxsu7,13300,https://www.tiktok.com/@p6foezxsu7
TikTok,English,AI Content,History AI POV,@historyaipov_,13300,https://www.tiktok.com/@historyaipov_
TikTok,English,AI Content,Ai movie,@saddyuvs0lu,13200,https://www.tiktok.com/@saddyuvs0lu
TikTok,English,AI Content,ANIMAL STORY,@animal.story496,13200,https://www.tiktok.com/@animal.story496
TikTok,English,AI Content,AI Animation,@think.reset,13100,https://www.tiktok.com/@think.reset
TikTok,English,AI Content,Ai Story,@ai.story4172,13100,https://www.tiktok.com/@ai.story4172
TikTok,English,AI Content,AI Animation,@ai.animation995,13000,https://www.tiktok.com/@ai.animation995
TikTok,English,AI Content,aivideo,@tabatasingapore,12700,https://www.tiktok.com/@tabatasingapore
TikTok,English,AI Content,Aicomedyhub🥳,@comedyw15,12700,https://www.tiktok.com/@comedyw15
TikTok,English,AI Content,Ai story,@contaa.brr66,12300,https://www.tiktok.com/@contaa.brr66
TikTok,English,AI Content,Ai-story,@aistory2157,12200,https://www.tiktok.com/@aistory2157
TikTok,English,AI Content,AI comedy,@aicomedy4,12200,https://www.tiktok.com/@aicomedy4
TikTok,English,AI Content,aicat,@allfun34,11900,https://www.tiktok.com/@allfun34
TikTok,English,AI Content,AI cat videos,@kingbhai7127,11800,https://www.tiktok.com/@kingbhai7127
TikTok,English,AI Content,AI cartoon,@ai_cartoon819,11600,https://www.tiktok.com/@ai_cartoon819
TikTok,English,AI Content,🎶AI Music🎶,@mrmrkass,11400,https://www.tiktok.com/@mrmrkass
TikTok,English,AI Content,AI Movie,@ai.movie142,11400,https://www.tiktok.com/@ai.movie142
TikTok,English,AI Content,aimovie,@aikhmer3,11400,https://www.tiktok.com/@aikhmer3
TikTok,English,AI Content,ai video,@allcartoon77,11100,https://www.tiktok.com/@allcartoon77
TikTok,English,AI Content,AIDrama,@aidrama911,11100,https://www.tiktok.com/@aidrama911
TikTok,English,AI Content,ANIMAL STORY,@animal.story94,11100,https://www.tiktok.com/@animal.story94
TikTok,English,AI Content,aimotivationallounge,@aimotivationallounge,11000,https://www.tiktok.com/@aimotivationallounge
TikTok,English,AI Content,Bible Stories,@biblestories348,10900,https://www.tiktok.com/@biblestories348
TikTok,English,AI Content,Ai cartoon 🙈,@cartoon001115,10800,https://www.tiktok.com/@cartoon001115
TikTok,English,AI Content,Bible Stories,@prettynanasworldofficial,10800,https://www.tiktok.com/@prettynanasworldofficial
TikTok,English,AI Content,AIAnimation,@aianimatione,10700,https://www.tiktok.com/@aianimatione
TikTok,English,AI Content,ai Video..,@ai.fruit296,10700,https://www.tiktok.com/@ai.fruit296
TikTok,English,AI Content,aicat,@aicat735,10500,https://www.tiktok.com/@aicat735
TikTok,English,AI Content,Ai Baby,@ai.baby849,10400,https://www.tiktok.com/@ai.baby849
TikTok,English,AI Content,Animals Gone Funny,@aianimals75,10300,https://www.tiktok.com/@aianimals75
TikTok,English,AI Content,Ai-History,@ai.history.us,10300,https://www.tiktok.com/@ai.history.us
TikTok,English,AI Content,AI dogノン,@ai.dog1997,10200,https://www.tiktok.com/@ai.dog1997
TikTok,English,AI Content,Ai Cartoon,@ai.video210,10000,https://www.tiktok.com/@ai.video210
TikTok,English,AI Content,Ai Video,@ai.video1617,10000,https://www.tiktok.com/@ai.video1617
TikTok,English,AI Content,AIbaby,@intsting,10000,https://www.tiktok.com/@intsting
TikTok,English,AI Content,Kid's stories with humna 💞,@kidsstories178,9935,https://www.tiktok.com/@kidsstories178
TikTok,English,AI Content,Ai baby,@aibabylols,9886,https://www.tiktok.com/@aibabylols
TikTok,English,AI Content,Ai baby 💃🕺,@aibaby017,9884,https://www.tiktok.com/@aibaby017
TikTok,English,AI Content,AI Doggo Stories,@aidoggostories,9873,https://www.tiktok.com/@aidoggostories
TikTok,English,AI Content,Ai comedy,@.elijahs.comedy,9820,https://www.tiktok.com/@.elijahs.comedy
TikTok,English,AI Content,AIAnimation AIStory,@t.h.a681,9818,https://www.tiktok.com/@t.h.a681
TikTok,English,AI Content,Ai Movie,@arman_javed0,9690,https://www.tiktok.com/@arman_javed0
TikTok,English,AI Content,aicat.888,@aicat.888,9614,https://www.tiktok.com/@aicat.888
TikTok,English,AI Content,AI_generated,@ai.generated.l,9549,https://www.tiktok.com/@ai.generated.l
TikTok,English,AI Content,AI Cats,@aicats09591,9461,https://www.tiktok.com/@aicats09591
TikTok,English,AI Content,AI Movies,@ai.movies820,9406,https://www.tiktok.com/@ai.movies820
TikTok,English,AI Content,AAA KIDS STORIES,@aaa.kids.stories,9327,https://www.tiktok.com/@aaa.kids.stories
TikTok,English,AI Content,Ai Baby,@aibabygboy,9260,https://www.tiktok.com/@aibabygboy
TikTok,English,AI Content,AI.ANIMALS,@wadiks25,9218,https://www.tiktok.com/@wadiks25
TikTok,English,AI Content,AI generated 😳,@ai_anime_art_0,9066,https://www.tiktok.com/@ai_anime_art_0
TikTok,English,AI Content,AI Video,@aivideo.090,8936,https://www.tiktok.com/@aivideo.090
TikTok,English,AI Content,Ai animation,@funnyai6669,8874,https://www.tiktok.com/@funnyai6669
TikTok,English,AI Content,AI cat,@usmanshahid6406,8702,https://www.tiktok.com/@usmanshahid6406
TikTok,English,AI Content,AI Short Film Factory,@ai.short.film.fac,8625,https://www.tiktok.com/@ai.short.film.fac
TikTok,English,AI Content,AI Horror Zone,@aihorrorzone2,8619,https://www.tiktok.com/@aihorrorzone2
TikTok,English,AI Content,ОLena AIGenerated,@aigeneratedtiktok1,8605,https://www.tiktok.com/@aigeneratedtiktok1
TikTok,English,AI Content,AI STORY,@aistory39,8490,https://www.tiktok.com/@aistory39
TikTok,English,AI Content,Ai | history,@trandhistorry,8243,https://www.tiktok.com/@trandhistorry
TikTok,English,AI Content,AI HISTORY,@ai.history508,8208,https://www.tiktok.com/@ai.history508
TikTok,English,AI Content,aistory,@pogocarrton2,8159,https://www.tiktok.com/@pogocarrton2
TikTok,English,AI Content,Ai History,@humanity.mp4,8155,https://www.tiktok.com/@humanity.mp4
TikTok,English,AI Content,AI COMEDY,@aicomedy010,8023,https://www.tiktok.com/@aicomedy010
TikTok,English,AI Content,Aifruit,@jalwajan0123,8012,https://www.tiktok.com/@jalwajan0123
TikTok,English,AI Content,Deep Bible Stories,@deepbiblestory,7760,https://www.tiktok.com/@deepbiblestory
TikTok,English,AI Content,aibaby,@aibaby570,7755,https://www.tiktok.com/@aibaby570
TikTok,English,AI Content,ai_video,@ai_video852,7641,https://www.tiktok.com/@ai_video852
TikTok,English,AI Content,AIShortFilmz,@aishortfilmzz,7521,https://www.tiktok.com/@aishortfilmzz
TikTok,English,AI Content,aimovie,@aimovie436,7348,https://www.tiktok.com/@aimovie436
TikTok,English,AI Content,AI Music,@aimusic_077,7105,https://www.tiktok.com/@aimusic_077
TikTok,English,AI Content,aicat.678,@aicat.678,6939,https://www.tiktok.com/@aicat.678
TikTok,English,AI Content,Animal story 💝,@animal.story8666,6884,https://www.tiktok.com/@animal.story8666
TikTok,English,AI Content,AiVideo,@aivideo3451,6056,https://www.tiktok.com/@aivideo3451
TikTok,English,AI Content,AIMOVIE,@aimovie46815,6018,https://www.tiktok.com/@aimovie46815
TikTok,English,AI Content,AI Generated Image/Video,@aigeneratedvideoo,5968,https://www.tiktok.com/@aigeneratedvideoo
TikTok,English,AI Content,AI Baby,@aibaby57,5947,https://www.tiktok.com/@aibaby57
TikTok,English,AI Content,Aido🔱🐶10/22🎂🎉,@aido2smooth,5928,https://www.tiktok.com/@aido2smooth
TikTok,English,AI Content,Ai Baby,@ai.baby786,5741,https://www.tiktok.com/@ai.baby786
TikTok,English,AI Content,Ai animals,@ai.animals252,5560,https://www.tiktok.com/@ai.animals252
TikTok,English,AI Content,Ai story,@boost.your.brand.2025,5453,https://www.tiktok.com/@boost.your.brand.2025
TikTok,English,AI Content,ai baby,@ai4rabi,5429,https://www.tiktok.com/@ai4rabi
TikTok,English,AI Content,Ai Animals,@kobekobe955,5393,https://www.tiktok.com/@kobekobe955
TikTok,English,AI Content,AI COMEDY,@aicomedy156,5393,https://www.tiktok.com/@aicomedy156
TikTok,English,AI Content,Bible Stories That Teach,@biblestoriesthatteach,5335,https://www.tiktok.com/@biblestoriesthatteach
TikTok,English,AI Content,AIPOV TOP4,@aipovreality,5153,https://www.tiktok.com/@aipovreality
TikTok,English,AI Content,Bible Anecdotes 📖,@aibiblestories_24,5146,https://www.tiktok.com/@aibiblestories_24
TikTok,English,AI Content,AI Baby,@jajo188,5100,https://www.tiktok.com/@jajo188
TikTok,English,AI Content,aicat..088,@aicat..088,5082,https://www.tiktok.com/@aicat..088
TikTok,English,AI Content,AI ComedY,@radheradhe0807,4940,https://www.tiktok.com/@radheradhe0807
TikTok,English,AI Content,AI ANIMALS,@starry12013,4869,https://www.tiktok.com/@starry12013
TikTok,English,AI Content,Bible Stories AI,@biblestor,4760,https://www.tiktok.com/@biblestor
TikTok,English,AI Content,Ai_God,@ai_creatorc,4666,https://www.tiktok.com/@ai_creatorc
TikTok,English,AI Content,AI ANIMALS,@ai_creations_animals,4646,https://www.tiktok.com/@ai_creations_animals
TikTok,English,AI Content,Ai Movie,@aimovie410,4628,https://www.tiktok.com/@aimovie410
TikTok,English,AI Content,AI History,@ai_history_x,4588,https://www.tiktok.com/@ai_history_x
TikTok,English,AI Content,AI Comedy,@kohistanproducts,4573,https://www.tiktok.com/@kohistanproducts
TikTok,English,AI Content,ai.cutedog,@aicutedogs,4559,https://www.tiktok.com/@aicutedogs
TikTok,English,AI Content,KIDS JUNGLE STORIES,@kidsjunglestories,4545,https://www.tiktok.com/@kidsjunglestories
TikTok,English,AI Content,AI Music,@al.music.channel,4280,https://www.tiktok.com/@al.music.channel
TikTok,English,AI Content,Ai Video,@user327211184,4270,https://www.tiktok.com/@user327211184
TikTok,English,AI Content,ai history,@1obit23,4251,https://www.tiktok.com/@1obit23
TikTok,English,AI Content,Historias T/N,@hiistoriaastnn,4202,https://www.tiktok.com/@hiistoriaastnn
TikTok,English,AI Content,Ai animation,@aianimation624,4170,https://www.tiktok.com/@aianimation624
TikTok,English,AI Content,Real bible stories,@realbiblestories08,4139,https://www.tiktok.com/@realbiblestories08
TikTok,English,AI Content,Ai kids stories,@aikidsstories1,4126,https://www.tiktok.com/@aikidsstories1
TikTok,English,AI Content,Ai music,@aisraelihiphop,4073,https://www.tiktok.com/@aisraelihiphop
TikTok,English,AI Content,AI Baby,@aibaby2030,4037,https://www.tiktok.com/@aibaby2030
TikTok,English,AI Content,Ai Animation,@aianimation733,4007,https://www.tiktok.com/@aianimation733
TikTok,English,AI Content,AI Animals,@hotrongnguc,4006,https://www.tiktok.com/@hotrongnguc
TikTok,English,AI Content,AIdo Giovani e__tc,@aido.giovani.e__tc3,3990,https://www.tiktok.com/@aido.giovani.e__tc3
TikTok,English,AI Content,Ai Animals Worlds 🌎,@ai.videos3907,3981,https://www.tiktok.com/@ai.videos3907
TikTok,English,AI Content,Ali Music 🐼,@noeliamejia87,3822,https://www.tiktok.com/@noeliamejia87
TikTok,English,AI Content,Ai Movie 🎥,@ai.movie79,3812,https://www.tiktok.com/@ai.movie79
TikTok,English,AI Content,AI Music,@ytb28659svp,3809,https://www.tiktok.com/@ytb28659svp
TikTok,English,AI Content,AiCat,@aibraincat,3800,https://www.tiktok.com/@aibraincat
TikTok,English,AI Content,AI BABY,@aibaby7666,3739,https://www.tiktok.com/@aibaby7666
TikTok,English,AI Content,Ai Animals,@aianimalvibes,3669,https://www.tiktok.com/@aianimalvibes
TikTok,English,AI Content,Gai mưa chi,@aidoguxju0,3645,https://www.tiktok.com/@aidoguxju0
TikTok,English,AI Content,AI Goddess,@ai_goddess_andy,3630,https://www.tiktok.com/@ai_goddess_andy
TikTok,English,AI Content,Animal story AI,@animal_story_aitv,3613,https://www.tiktok.com/@animal_story_aitv
TikTok,English,AI Content,Ai Short Film Series,@universeknowledgechannel,3457,https://www.tiktok.com/@universeknowledgechannel
TikTok,English,AI Content,AIAnimalsAdventure,@aianimalsadventure,3445,https://www.tiktok.com/@aianimalsadventure
TikTok,English,AI Content,Bible Stories,@biblestories.us,3434,https://www.tiktok.com/@biblestories.us
TikTok,English,AI Content,AIDOGE,@aidogebrasill,3419,https://www.tiktok.com/@aidogebrasill
TikTok,English,AI Content,Ai story,@funny.uas,3406,https://www.tiktok.com/@funny.uas
TikTok,English,AI Content,AI Comedy,@aitakeovercomedy,3381,https://www.tiktok.com/@aitakeovercomedy
TikTok,English,AI Content,AI Baby,@ai_baby_cute,3365,https://www.tiktok.com/@ai_baby_cute
TikTok,English,AI Content,Aifruit,@contenid44,3325,https://www.tiktok.com/@contenid44
TikTok,English,AI Content,Ai_creationmotivation,@ai_creationmotivation,3208,https://www.tiktok.com/@ai_creationmotivation
TikTok,English,AI Content,AI History ✅🙌🏽💯,@aipro700,3169,https://www.tiktok.com/@aipro700
TikTok,English,AI Content,_matchalatte,@ai_animation526,3152,https://www.tiktok.com/@ai_animation526
TikTok,English,AI Content,AI video,@usfzoboy,3145,https://www.tiktok.com/@usfzoboy
TikTok,English,AI Content,Ai cat videos,@aicat210,3123,https://www.tiktok.com/@aicat210
TikTok,English,AI Content,aIDOGgong,@franklinmanalo1431,3042,https://www.tiktok.com/@franklinmanalo1431
TikTok,English,AI Content,Ai Animals Video,@ai_animals_video5,2995,https://www.tiktok.com/@ai_animals_video5
TikTok,English,AI Content,aiHorrorShorts,@aihorrorshorts,2971,https://www.tiktok.com/@aihorrorshorts
TikTok,English,AI Content,ai.generated.video90,@ai.generated.video90,2964,https://www.tiktok.com/@ai.generated.video90
TikTok,English,AI Content,yes im short .😌,@ai.generated115,2963,https://www.tiktok.com/@ai.generated115
TikTok,English,AI Content,AI_VIDEO,@ai_video0077,2882,https://www.tiktok.com/@ai_video0077
TikTok,English,AI Content,Random AIvideo,@random.aivideo1,2841,https://www.tiktok.com/@random.aivideo1
TikTok,English,AI Content,AI STORY,@ak22347thd,2839,https://www.tiktok.com/@ak22347thd
TikTok,English,AI Content,AI Horror Stories 👻,@aistudio.con,2780,https://www.tiktok.com/@aistudio.con
TikTok,English,AI Content,AI Dog Diaries,@aidogdiaries,2657,https://www.tiktok.com/@aidogdiaries
TikTok,English,AI Content,AI_video,@ai_video922,2644,https://www.tiktok.com/@ai_video922
TikTok,English,AI Content,AI History,@ai.history960,2601,https://www.tiktok.com/@ai.history960
TikTok,English,AI Content,Animal Story ✪,@animal.story02,2580,https://www.tiktok.com/@animal.story02
TikTok,English,AI Content,Ai comedy,@wahiedusa,2506,https://www.tiktok.com/@wahiedusa
TikTok,English,AI Content,Ai Cartoon,@ai.cartoon2896,2495,https://www.tiktok.com/@ai.cartoon2896
TikTok,English,AI Content,aimusic siin,@sin9240,2469,https://www.tiktok.com/@sin9240
TikTok,English,AI Content,user1259162636351,@aidog41,2397,https://www.tiktok.com/@aidog41
TikTok,English,AI Content,Ai animals stories,@ai.animal.stories3311,2385,https://www.tiktok.com/@ai.animal.stories3311
TikTok,English,AI Content,Ai Cartoon,@ai.cartoon799,2376,https://www.tiktok.com/@ai.cartoon799
TikTok,English,AI Content,Ai Cartoon 💫,@aiallcartoon1,2348,https://www.tiktok.com/@aiallcartoon1
TikTok,English,AI Content,AI_ANIMALSTORY,@ai_animalstory,2347,https://www.tiktok.com/@ai_animalstory
TikTok,English,AI Content,AI_Video,@effects.ai.video,2321,https://www.tiktok.com/@effects.ai.video
TikTok,English,AI Content,a short film🦢,@findingyoufilm,2308,https://www.tiktok.com/@findingyoufilm
TikTok,English,AI Content,ai. dog,@aidog777,2252,https://www.tiktok.com/@aidog777
TikTok,English,AI Content,Aianimation,@ai_animationnepal,2208,https://www.tiktok.com/@ai_animationnepal
TikTok,English,AI Content,Ai Cute Animals,@aianimals154,2205,https://www.tiktok.com/@aianimals154
TikTok,English,AI Content,AI baby,@aibaby.ai,2189,https://www.tiktok.com/@aibaby.ai
TikTok,English,AI Content,CoCo Ai Creater,@aihorror70,2187,https://www.tiktok.com/@aihorror70
TikTok,English,AI Content,ai.dog,@ai.dog0,2090,https://www.tiktok.com/@ai.dog0
TikTok,English,AI Content,Justyna AiMusic,@justi.ai.music,2078,https://www.tiktok.com/@justi.ai.music
TikTok,English,AI Content,aianimalsvideo21,@aianimalsvideo21,2043,https://www.tiktok.com/@aianimalsvideo21
TikTok,English,AI Content,Normes007,@aihorrorist,2021,https://www.tiktok.com/@aihorrorist
TikTok,English,AI Content,ai movie,@kpopdemonhunters980,2017,https://www.tiktok.com/@kpopdemonhunters980
TikTok,English,AI Content,AI ANIMALS,@cartoongharaivideos,2008,https://www.tiktok.com/@cartoongharaivideos
TikTok,English,AI Stories,ai stories,@ai.stories8249,722200,https://www.tiktok.com/@ai.stories8249
TikTok,English,AI Stories,Ai stories,@aistoriess7,633800,https://www.tiktok.com/@aistoriess7
TikTok,English,AI Stories,Ai stories,@aivegstories0,594300,https://www.tiktok.com/@aivegstories0
TikTok,English,AI Stories,A.I stories,@a.i.stories7,382900,https://www.tiktok.com/@a.i.stories7
TikTok,English,AI Stories,Ai Stories,@smovie1,380200,https://www.tiktok.com/@smovie1
TikTok,English,AI Stories,aAi stories,@aistories5780,172500,https://www.tiktok.com/@aistories5780
TikTok,English,AI Stories,AI_Stories,@ai_stories836,172100,https://www.tiktok.com/@ai_stories836
TikTok,English,AI Stories,Ai Story,@aistory4203,148600,https://www.tiktok.com/@aistory4203
TikTok,English,AI Stories,AI_Stories,@ai_stories7720,142700,https://www.tiktok.com/@ai_stories7720
TikTok,English,AI Stories,AI Stories,@primeaistories,114100,https://www.tiktok.com/@primeaistories
TikTok,English,AI Stories,ai story,@ai.story061,112500,https://www.tiktok.com/@ai.story061
TikTok,English,AI Stories,Aistories,@aistories1290,82900,https://www.tiktok.com/@aistories1290
TikTok,English,AI Stories,short films,@shortfilm279,79400,https://www.tiktok.com/@shortfilm279
TikTok,English,AI Stories,Ai Story,@userejlgysjpwh,73400,https://www.tiktok.com/@userejlgysjpwh
TikTok,English,AI Stories,Ai Story,@giveawaygirl303,69900,https://www.tiktok.com/@giveawaygirl303
TikTok,English,AI Stories,StoryEnglish,@storyenglish17,66400,https://www.tiktok.com/@storyenglish17
TikTok,English,AI Stories,Ai Stories,@aismallstory,60500,https://www.tiktok.com/@aismallstory
TikTok,English,AI Stories,AI Stories,@fruit.ai.stories74,54700,https://www.tiktok.com/@fruit.ai.stories74
TikTok,English,AI Stories,Sana Ai Stories,@sanaaistories,53900,https://www.tiktok.com/@sanaaistories
TikTok,English,AI Stories,Ai story,@ai.story3743,42000,https://www.tiktok.com/@ai.story3743
TikTok,English,AI Stories,Ai story,@ai.story3199,38200,https://www.tiktok.com/@ai.story3199
TikTok,English,AI Stories,Ai Stories,@ghf67703rpj,35900,https://www.tiktok.com/@ghf67703rpj
TikTok,English,AI Stories,Ai stories,@ai.stories7051,33800,https://www.tiktok.com/@ai.stories7051
TikTok,English,AI Stories,english story,@ymkkstory,23700,https://www.tiktok.com/@ymkkstory
TikTok,English,AI Stories,Ai stories,@ai.stories8265,22700,https://www.tiktok.com/@ai.stories8265
TikTok,English,AI Stories,Ai stories,@noor_sana4,22500,https://www.tiktok.com/@noor_sana4
TikTok,English,AI Stories,Story English,@storyenglish22,20000,https://www.tiktok.com/@storyenglish22
TikTok,English,AI Stories,Ai stories,@dryou36,19200,https://www.tiktok.com/@dryou36
TikTok,English,AI Stories,AI Short Series,@aishortfilm.cn,18600,https://www.tiktok.com/@aishortfilm.cn
TikTok,English,AI Stories,Story English,@storyenglish97,17700,https://www.tiktok.com/@storyenglish97
TikTok,English,AI Stories,Ai stories,@series7273,17400,https://www.tiktok.com/@series7273
TikTok,English,AI Stories,ai stories,@ai.stories1442,16600,https://www.tiktok.com/@ai.stories1442
TikTok,English,AI Stories,AI Animated Stories,@hu.go443,15300,https://www.tiktok.com/@hu.go443
TikTok,English,AI Stories,Ai stories,@aistory204,14500,https://www.tiktok.com/@aistory204
TikTok,English,AI Stories,ai stories,@ai.video.of.asad,12500,https://www.tiktok.com/@ai.video.of.asad
TikTok,English,AI Stories,AI STORIES,@stories_and_series,11000,https://www.tiktok.com/@stories_and_series
TikTok,English,AI Stories,Ai Stories,@aistories7655,10600,https://www.tiktok.com/@aistories7655
TikTok,English,AI Stories,Ai.stories,@ai.stories1103,10100,https://www.tiktok.com/@ai.stories1103
TikTok,English,AI Stories,aishortfilms_0,@aishortfilms_0,10100,https://www.tiktok.com/@aishortfilms_0
TikTok,English,AI Stories,Ai stories,@ai_stories871,9597,https://www.tiktok.com/@ai_stories871
TikTok,English,AI Stories,AI Short Films,@shortfilms.a,7043,https://www.tiktok.com/@shortfilms.a
TikTok,English,AI Stories,AI Short Films by Juanabeee,@juanabeee.aishorts,5589,https://www.tiktok.com/@juanabeee.aishorts
TikTok,English,AI Stories,AI Animated Stories,@ai.animated.stori2,5359,https://www.tiktok.com/@ai.animated.stori2
TikTok,English,AI Stories,AI_stories,@ai_stories_00,4941,https://www.tiktok.com/@ai_stories_00
TikTok,English,AI Stories,Ai Story in English,@aistoryinenglish,4832,https://www.tiktok.com/@aistoryinenglish
TikTok,English,Channeling,SPIRIT CHANNEL,@spiritchannel418,1100000,https://www.tiktok.com/@spiritchannel418
TikTok,English,Channeling,El Chabo,@thecannedmemes,780000,https://www.tiktok.com/@thecannedmemes
TikTok,English,Channeling,Magdalena,@mymetaphysicalmaven,314500,https://www.tiktok.com/@mymetaphysicalmaven
TikTok,English,Channeling,channel messages1,@channel.messages,259800,https://www.tiktok.com/@channel.messages
TikTok,English,Channeling,Channeling Akasha,@channelingakasha,139000,https://www.tiktok.com/@channelingakasha
TikTok,English,Channeling,Healing Channel,@vpdqnx4731,61000,https://www.tiktok.com/@vpdqnx4731
TikTok,English,Channeling,Blessed Hands Quick Recipes,@godonlyknowsrecip,39900,https://www.tiktok.com/@godonlyknowsrecip
TikTok,English,Channeling,a.guiding.light™️,@a.guiding.light,36300,https://www.tiktok.com/@a.guiding.light
TikTok,English,Channeling,Brandon H. Bloom,@channellingsource,29600,https://www.tiktok.com/@channellingsource
TikTok,English,Channeling,channeling_creativity,@channeling_creativity,24100,https://www.tiktok.com/@channeling_creativity
TikTok,English,Channeling,Spiritual Enchantment,@spiritual.enchant,24000,https://www.tiktok.com/@spiritual.enchant
TikTok,English,Channeling,spiritualchange,@spiritualchange,22500,https://www.tiktok.com/@spiritualchange
TikTok,English,Channeling,CALL ME DIAGNE LIKE YJ❤️,@shecalledmediagne,19500,https://www.tiktok.com/@shecalledmediagne
TikTok,English,Channeling,Channel 199,@channel.1996,17700,https://www.tiktok.com/@channel.1996
TikTok,English,Channeling,Chanelle Updates,@_chanelle_fanpage,16400,https://www.tiktok.com/@_chanelle_fanpage
TikTok,English,Channeling,Spiritual Catcher,@spiritualcatcher,13000,https://www.tiktok.com/@spiritualcatcher
TikTok,English,Channeling,Channelled messages1,@entnerpoudeun,11900,https://www.tiktok.com/@entnerpoudeun
TikTok,English,Channeling,ChannelingEnergy,@channeling.energy,11800,https://www.tiktok.com/@channeling.energy
TikTok,English,Channeling,Tiffany Tweekrem | Medium,@channeledhealings,11500,https://www.tiktok.com/@channeledhealings
TikTok,English,Channeling,Jonathan Padron,@channeledmessages19,9305,https://www.tiktok.com/@channeledmessages19
TikTok,English,Channeling,channelingandhealing,@channelingandhealing,8464,https://www.tiktok.com/@channelingandhealing
TikTok,English,Channeling,channelingkatie 🦓💜,@channelingkatie,7795,https://www.tiktok.com/@channelingkatie
TikTok,English,Channeling,channelled Messages,@tarotdeliss,7754,https://www.tiktok.com/@tarotdeliss
TikTok,English,Channeling,ChannelingTrump,@williamp1968,6415,https://www.tiktok.com/@williamp1968
TikTok,English,Channeling,spiritualchanel,@spiritualchanel,6178,https://www.tiktok.com/@spiritualchanel
TikTok,English,Channeling,Ganesh👑,@spiritual.channel8,5380,https://www.tiktok.com/@spiritual.channel8
TikTok,English,Channeling,Holistic Beauty,@channelingvenus,5235,https://www.tiktok.com/@channelingvenus
TikTok,English,Channeling,MsBrat🎀,@chanel4dessyy,5052,https://www.tiktok.com/@chanel4dessyy
TikTok,English,Channeling,Ser Espiritual,@serespiritualchannel,4234,https://www.tiktok.com/@serespiritualchannel
TikTok,English,Channeling,channelingyouth,@channelingyouth,4068,https://www.tiktok.com/@channelingyouth
TikTok,English,Channeling,spiritual healer & guidance 🪬,@psychic.sav01,4038,https://www.tiktok.com/@psychic.sav01
TikTok,English,Channeling,Chaldean Memes,@chaldean.memes,3744,https://www.tiktok.com/@chaldean.memes
TikTok,English,Channeling,Kelsey | Toddler Mom Life,@channelingpop,2588,https://www.tiktok.com/@channelingpop
TikTok,English,Channeling,Channeling Change,@channeling.change,2418,https://www.tiktok.com/@channeling.change
TikTok,English,Channeling,channeling_tatum,@channeling_tatum,2367,https://www.tiktok.com/@channeling_tatum
TikTok,English,Channeling,Messages01,@channelled.messages,2364,https://www.tiktok.com/@channelled.messages
TikTok,English,Channeling,MAS GIMAN,@spiritualchanell71,2220,https://www.tiktok.com/@spiritualchanell71
TikTok,English,Channeling,PLUT0,@channelingplut0,2187,https://www.tiktok.com/@channelingplut0
TikTok,English,Channeling,channelingairheads,@channelingairheads,2166,https://www.tiktok.com/@channelingairheads
TikTok,English,Channeling,Bre💫Spiritual Coach+Channeler,@healing.with.bre,2084,https://www.tiktok.com/@healing.with.bre
TikTok,English,Channeling,Nova,@channeling_shifter,2034,https://www.tiktok.com/@channeling_shifter
TikTok,English,Channeling,Free spiritual written message,@spiritualchanneling,2017,https://www.tiktok.com/@spiritualchanneling
TikTok,English,Emotional Stories,heartwarming_shortdrama,@heartwarming_shortdrama,2100000,https://www.tiktok.com/@heartwarming_shortdrama
TikTok,English,Emotional Stories,heartwarmingdramas,@heartwarmingdramas,1200000,https://www.tiktok.com/@heartwarmingdramas
TikTok,English,Emotional Stories,Peace Emotional Stories,@silver.promise33,285400,https://www.tiktok.com/@silver.promise33
TikTok,English,Emotional Stories,SAD | story,@s.ad_story,276700,https://www.tiktok.com/@s.ad_story
TikTok,English,Emotional Stories,Emotional Stories,@hybridhavenworld,187100,https://www.tiktok.com/@hybridhavenworld
TikTok,English,Emotional Stories,SAD STORIES,@sadstoryof1,184500,https://www.tiktok.com/@sadstoryof1
TikTok,English,Emotional Stories,motionalstories,@motionalstories,156700,https://www.tiktok.com/@motionalstories
TikTok,English,Emotional Stories,Emotional Story 11,@emotionalstory11,94700,https://www.tiktok.com/@emotionalstory11
TikTok,English,Emotional Stories,Emotional story,@cute__12532,92100,https://www.tiktok.com/@cute__12532
TikTok,English,Emotional Stories,Heartwarming,@heartwarming,82500,https://www.tiktok.com/@heartwarming
TikTok,English,Emotional Stories,heartwarming_stories4,@heartwarming_stories4,68300,https://www.tiktok.com/@heartwarming_stories4
TikTok,English,Emotional Stories,Emotional Stories,@emotional.stories095,66100,https://www.tiktok.com/@emotional.stories095
TikTok,English,Emotional Stories,Heartwarming Stories,@heartwarming_stories0,59000,https://www.tiktok.com/@heartwarming_stories0
TikTok,English,Emotional Stories,Touching Stories,@touchingstories023,49400,https://www.tiktok.com/@touchingstories023
TikTok,English,Emotional Stories,Sad Stories,@saaaaaaaaad_stories,49300,https://www.tiktok.com/@saaaaaaaaad_stories
TikTok,English,Emotional Stories,Sad Stories,@usanews385,42900,https://www.tiktok.com/@usanews385
TikTok,English,Emotional Stories,emotional_story0,@emotional_story0,41300,https://www.tiktok.com/@emotional_story0
TikTok,English,Emotional Stories,sad stories,@aifunzqjyzg,37500,https://www.tiktok.com/@aifunzqjyzg
TikTok,English,Emotional Stories,Touching Stories,@touchingstories019,34800,https://www.tiktok.com/@touchingstories019
TikTok,English,Emotional Stories,Touching Stories,@touchingstories027,33200,https://www.tiktok.com/@touchingstories027
TikTok,English,Emotional Stories,Emotional Dog Stories,@emotionaldogstories_885,29400,https://www.tiktok.com/@emotionaldogstories_885
TikTok,English,Emotional Stories,Touching Stories,@touchingstories026,29300,https://www.tiktok.com/@touchingstories026
TikTok,English,Emotional Stories,EmotionStory,@emotionstory10,25100,https://www.tiktok.com/@emotionstory10
TikTok,English,Emotional Stories,Emotional Story,@emmotional.story,24600,https://www.tiktok.com/@emmotional.story
TikTok,English,Emotional Stories,Emotional Story,@emotional__storys,22300,https://www.tiktok.com/@emotional__storys
TikTok,English,Emotional Stories,Emotional Stories,@emotional.stories.2,22000,https://www.tiktok.com/@emotional.stories.2
TikTok,English,Emotional Stories,Touching Stories,@touchingstories022,21800,https://www.tiktok.com/@touchingstories022
TikTok,English,Emotional Stories,Sad Story,@sad_stories.8,21700,https://www.tiktok.com/@sad_stories.8
TikTok,English,Emotional Stories,Touching Stories,@touchingstories011,21300,https://www.tiktok.com/@touchingstories011
TikTok,English,Emotional Stories,Emotional Short Stories,@sports.all.types.of.spor,21200,https://www.tiktok.com/@sports.all.types.of.spor
TikTok,English,Emotional Stories,Touching Stories,@touchingstories001,21100,https://www.tiktok.com/@touchingstories001
TikTok,English,Emotional Stories,SadStories,@sadstories144,20500,https://www.tiktok.com/@sadstories144
TikTok,English,Emotional Stories,Touching Stories,@touchingstories007,20000,https://www.tiktok.com/@touchingstories007
TikTok,English,Emotional Stories,Touching Stories,@touchingstories015,19700,https://www.tiktok.com/@touchingstories015
TikTok,English,Emotional Stories,Sad stories,@sadstories2020,19300,https://www.tiktok.com/@sadstories2020
TikTok,English,Emotional Stories,emotionalstory,@emotionalstorypart2,18000,https://www.tiktok.com/@emotionalstorypart2
TikTok,English,Emotional Stories,Spreading Awareness,@sadstories1m,16200,https://www.tiktok.com/@sadstories1m
TikTok,English,Emotional Stories,Touching Stories,@touchingstories003,14500,https://www.tiktok.com/@touchingstories003
TikTok,English,Emotional Stories,Touching Stories,@touchingstories008,14500,https://www.tiktok.com/@touchingstories008
TikTok,English,Emotional Stories,Touching Stories,@touchingstories004,13900,https://www.tiktok.com/@touchingstories004
TikTok,English,Emotional Stories,heartwarming_stories2,@heartwarming_stories2,13700,https://www.tiktok.com/@heartwarming_stories2
TikTok,English,Emotional Stories,Touching Stories,@touchingstories002,13200,https://www.tiktok.com/@touchingstories002
TikTok,English,Emotional Stories,Emotional storytelling,@emotional.storyte8,13000,https://www.tiktok.com/@emotional.storyte8
TikTok,English,Emotional Stories,Touching Stories,@touchingstories006,12800,https://www.tiktok.com/@touchingstories006
TikTok,English,Emotional Stories,Touching Stories,@touchingstories030,12500,https://www.tiktok.com/@touchingstories030
TikTok,English,Emotional Stories,Emotional Stories,@emotional.stories.6,12000,https://www.tiktok.com/@emotional.stories.6
TikTok,English,Emotional Stories,Emotional story,@emotional.story092,11600,https://www.tiktok.com/@emotional.story092
TikTok,English,Emotional Stories,Emotional Stories,@emotional.stories27,11500,https://www.tiktok.com/@emotional.stories27
TikTok,English,Emotional Stories,Emotional Story,@emotionalstory_usa,11100,https://www.tiktok.com/@emotionalstory_usa
TikTok,English,Emotional Stories,Sad_stories,@mindset_decoded061,10900,https://www.tiktok.com/@mindset_decoded061
TikTok,English,Family Stories,MeowStory_Family,@meowstory_family,538300,https://www.tiktok.com/@meowstory_family
TikTok,English,Family Stories,Story Family,@home.birth,327700,https://www.tiktok.com/@home.birth
TikTok,English,Family Stories,Family story,@family_story03,261000,https://www.tiktok.com/@family_story03
TikTok,English,Family Stories,Family Stories 🌸,@familystories115,159900,https://www.tiktok.com/@familystories115
TikTok,English,Family Stories,AITA Reddit Revenge Stories,@redditreelones,150000,https://www.tiktok.com/@redditreelones
TikTok,English,Family Stories,Family inspirations,@familyinspirations,142200,https://www.tiktok.com/@familyinspirations
TikTok,English,Family Stories,EMOTION FAMILY,@emotion_family,135300,https://www.tiktok.com/@emotion_family
TikTok,English,Family Stories,drama_family_vibes,@drama_family_vibes,111800,https://www.tiktok.com/@drama_family_vibes
TikTok,English,Family Stories,💘SAAD AND FAMILY TELLSTORY 💘,@muhammadsaad20203,89600,https://www.tiktok.com/@muhammadsaad20203
TikTok,English,Family Stories,Hey✨💅🏼,@family.stories._,85200,https://www.tiktok.com/@family.stories._
TikTok,English,Family Stories,J&K Family Story,@monreal805,85200,https://www.tiktok.com/@monreal805
TikTok,English,Family Stories,FamilyDrama,@familydrama454,65000,https://www.tiktok.com/@familydrama454
TikTok,English,Family Stories,Realistic Family Drama,@aistories666,55000,https://www.tiktok.com/@aistories666
TikTok,English,Family Stories,Global News,@englishstoryfamily,47600,https://www.tiktok.com/@englishstoryfamily
TikTok,English,Family Stories,(THESE ARE ALL FAKE!),@family.storyz,45700,https://www.tiktok.com/@family.storyz
TikTok,English,Family Stories,The Barry's Family Stories,@fmb4422,43200,https://www.tiktok.com/@fmb4422
TikTok,English,Family Stories,Revenge Stories - 8PM,@revenge.8pm,42700,https://www.tiktok.com/@revenge.8pm
TikTok,English,Family Stories,Family Revenge Stories,@historiasrealesmigra,41800,https://www.tiktok.com/@historiasrealesmigra
TikTok,English,Family Stories,Top Family Story,@topredditstorie2025,36700,https://www.tiktok.com/@topredditstorie2025
TikTok,English,Family Stories,Family Drama Series,@pixeldrama_tv,34700,https://www.tiktok.com/@pixeldrama_tv
TikTok,English,Family Stories,🍓 Fruit Family Drama 🍓,@fruitfamilydrama1,33800,https://www.tiktok.com/@fruitfamilydrama1
TikTok,English,Family Stories,Family stories,@familystories555,32600,https://www.tiktok.com/@familystories555
TikTok,English,Family Stories,family story012,@story89510,28400,https://www.tiktok.com/@story89510
TikTok,English,Family Stories,Family Drama,@familydramausa,25800,https://www.tiktok.com/@familydramausa
TikTok,English,Family Stories,Anaya Family | Stories ❤️,@anayafamilyofficial,24300,https://www.tiktok.com/@anayafamilyofficial
TikTok,English,Family Stories,family story .o1,@qie585915,24200,https://www.tiktok.com/@qie585915
TikTok,English,Family Stories,Story Family,@2pfamily_,22900,https://www.tiktok.com/@2pfamily_
TikTok,English,Family Stories,Reddit Stories,@familyrevenge,22700,https://www.tiktok.com/@familyrevenge
TikTok,English,Family Stories,Storys from my family and me✌?,@myf4mily_life,22200,https://www.tiktok.com/@myf4mily_life
TikTok,English,Family Stories,Family Story,@family__story,21700,https://www.tiktok.com/@family__story
TikTok,English,Family Stories,Reddit Revenge Stories,@reddit__stories__,21600,https://www.tiktok.com/@reddit__stories__
TikTok,English,Family Stories,Family story,@malik.tauqeer.kr,19900,https://www.tiktok.com/@malik.tauqeer.kr
TikTok,English,Family Stories,Family.Stories,@watskona0bs,19800,https://www.tiktok.com/@watskona0bs
TikTok,English,Family Stories,reddit Stories,@rarerevengestories,19200,https://www.tiktok.com/@rarerevengestories
TikTok,English,Family Stories,Family story,@briran69,17800,https://www.tiktok.com/@briran69
TikTok,English,Family Stories,family story .02,@story4992,17500,https://www.tiktok.com/@story4992
TikTok,English,Family Stories,Family Stories,@nany532964,17300,https://www.tiktok.com/@nany532964
TikTok,English,Family Stories,Family Stories,@frontlinerecaps,16900,https://www.tiktok.com/@frontlinerecaps
TikTok,English,Family Stories,FamilyStories,@familystories.us,16600,https://www.tiktok.com/@familystories.us
TikTok,English,Family Stories,drama stories,@drama.stories579,16400,https://www.tiktok.com/@drama.stories579
TikTok,English,Family Stories,Family Drama Files,@family.dramafiles,15700,https://www.tiktok.com/@family.dramafiles
TikTok,English,Family Stories,familys_stage,@familys_story,15400,https://www.tiktok.com/@familys_story
TikTok,English,Family Stories,Family Stories,@lafiol37,14700,https://www.tiktok.com/@lafiol37
TikTok,English,Family Stories,Familie Stories,@familie.stories,14600,https://www.tiktok.com/@familie.stories
TikTok,English,Family Stories,family..stories..75,@family..stories..75,14300,https://www.tiktok.com/@family..stories..75
TikTok,English,Family Stories,Family–Story–time,@familystorytime2,14300,https://www.tiktok.com/@familystorytime2
TikTok,English,Family Stories,familystories14419,@familystories14419,12700,https://www.tiktok.com/@familystories14419
TikTok,English,Family Stories,It's_family_drama_stories,@its_family_drama_stories,12500,https://www.tiktok.com/@its_family_drama_stories
TikTok,English,Family Stories,Family Stories,@gaby506735,12100,https://www.tiktok.com/@gaby506735
TikTok,English,Family Stories,Drama family USA,@k8conlclzwh,12100,https://www.tiktok.com/@k8conlclzwh
TikTok,English,Family Stories,Drama Family,@bao_lapse,12000,https://www.tiktok.com/@bao_lapse
TikTok,English,Family Stories,ScilentRevengeStories,@revengebetrayals,12000,https://www.tiktok.com/@revengebetrayals
TikTok,English,Family Stories,New Story,@family.story55,12000,https://www.tiktok.com/@family.story55
TikTok,English,Family Stories,FamilyDramaViral,@familydramaviral,11700,https://www.tiktok.com/@familydramaviral
TikTok,English,Family Stories,Family drama.she joker,@family.drama.she.j,11600,https://www.tiktok.com/@family.drama.she.j
TikTok,English,Family Stories,Family Bonding Drama,@familybondingdrama,11600,https://www.tiktok.com/@familybondingdrama
TikTok,English,Family Stories,Shani kosri family story,@outheqqyops,11600,https://www.tiktok.com/@outheqqyops
TikTok,English,Family Stories,Family Stories,@user1193092099287,11500,https://www.tiktok.com/@user1193092099287
TikTok,English,Family Stories,Family Stories,@nany42811,11300,https://www.tiktok.com/@nany42811
TikTok,English,Family Stories,Fruit family stories,@mranas.1825,11200,https://www.tiktok.com/@mranas.1825
TikTok,English,Family Stories,family_istory,@family_istory,11200,https://www.tiktok.com/@family_istory
TikTok,English,Family Stories,Did you Rap?,@familyrevengestoriess,11000,https://www.tiktok.com/@familyrevengestoriess
TikTok,English,Family Stories,Emotional Family,@familyvlogs272,11000,https://www.tiktok.com/@familyvlogs272
TikTok,English,Family Stories,lovelystories_xoxo,@lovelystories_xoxo,10800,https://www.tiktok.com/@lovelystories_xoxo
TikTok,English,Family Stories,Family Gc!,@_family.texting.storys,10800,https://www.tiktok.com/@_family.texting.storys
TikTok,English,Family Stories,Family Story,@familystory11,10700,https://www.tiktok.com/@familystory11
TikTok,English,Family Stories,Family Story Myanmar,@familystorymyanmar,10600,https://www.tiktok.com/@familystorymyanmar
TikTok,English,Family Stories,Family Stories,@user6020138158158,10500,https://www.tiktok.com/@user6020138158158
TikTok,English,Family Stories,Betrayal and Revenge Stories,@betrayalandrevenge,10500,https://www.tiktok.com/@betrayalandrevenge
TikTok,English,Family Stories,familydrama_stories,@familydrama_stories,10400,https://www.tiktok.com/@familydrama_stories
TikTok,English,Family Stories,Reddit Book Story Family✅,@family.reddit.book.007,10400,https://www.tiktok.com/@family.reddit.book.007
TikTok,English,Family Stories,Emotional Family,@theprince.family01,9869,https://www.tiktok.com/@theprince.family01
TikTok,English,Family Stories,Ai family story 🫀🖍️❤️,@ai_family_story78,9672,https://www.tiktok.com/@ai_family_story78
TikTok,English,Family Stories,Family story,@baomovie2501,9127,https://www.tiktok.com/@baomovie2501
TikTok,English,Family Stories,Story Of The Cat Family 🐾,@storyofthecatfamily,9113,https://www.tiktok.com/@storyofthecatfamily
TikTok,English,Family Stories,Reddit Stories,@r.revengestories,8277,https://www.tiktok.com/@r.revengestories
TikTok,English,Family Stories,REALISM•BRODIE,@familystory40,8255,https://www.tiktok.com/@familystory40
TikTok,English,Family Stories,Family Drama 🤪,@familydrama032,7408,https://www.tiktok.com/@familydrama032
TikTok,English,Family Stories,Reddit stories,@revengeredditstories9,7271,https://www.tiktok.com/@revengeredditstories9
TikTok,English,Family Stories,S Story เที่ยวไปกับมัมหมี,@s.story_family,7263,https://www.tiktok.com/@s.story_family
TikTok,English,Family Stories,Drama Family💫,@drama.family25,6641,https://www.tiktok.com/@drama.family25
TikTok,English,Family Stories,ReMona | Family Story Teller,@msreallyremona,6608,https://www.tiktok.com/@msreallyremona
TikTok,English,Family Stories,THGOLIBAAZYT,@familystorycollection,5959,https://www.tiktok.com/@familystorycollection
TikTok,English,Family Stories,따뜻한 가족 이야기,@warm.familystory,5787,https://www.tiktok.com/@warm.familystory
TikTok,English,Family Stories,The Story Family,@storylandia,5365,https://www.tiktok.com/@storylandia
TikTok,English,Family Stories,Smith Family Life/Drama/Love,@samantha.smith795,5063,https://www.tiktok.com/@samantha.smith795
TikTok,English,Family Stories,Family Drama Story,@family.drama.stor,4992,https://www.tiktok.com/@family.drama.stor
TikTok,English,Family Stories,FamilyStory,@ivaturbo,4953,https://www.tiktok.com/@ivaturbo
TikTok,English,Family Stories,.storyfamily,@.storyfamily,4918,https://www.tiktok.com/@.storyfamily
TikTok,English,Family Stories,Family's story👨‍👩‍👧‍👦,@eri16888,4701,https://www.tiktok.com/@eri16888
TikTok,English,Family Stories,family story,@hassenawel608,4531,https://www.tiktok.com/@hassenawel608
TikTok,English,Family Stories,African Family Drama,@africanfamilydramas,4293,https://www.tiktok.com/@africanfamilydramas
TikTok,English,Family Stories,LOVE STORY,@_love_story_family08,4286,https://www.tiktok.com/@_love_story_family08
TikTok,English,Family Stories,The Revenge Stories,@faisal.wahab75,4179,https://www.tiktok.com/@faisal.wahab75
TikTok,English,Family Stories,Talking Story’s,@family_talking_drama,4102,https://www.tiktok.com/@family_talking_drama
TikTok,English,Family Stories,story_starsfamily,@story_starsfamily,4072,https://www.tiktok.com/@story_starsfamily
TikTok,English,Family Stories,The story of Emily’s family,@emily1why,4065,https://www.tiktok.com/@emily1why
TikTok,English,Family Stories,GIRL MOM💕FAMILY DRAMA,@jasminecruse24,3959,https://www.tiktok.com/@jasminecruse24
TikTok,English,Family Stories,Family Storys,@familystorys,3920,https://www.tiktok.com/@familystorys
TikTok,English,Family Stories,our family story,@our_family_story1,3799,https://www.tiktok.com/@our_family_story1
TikTok,English,Family Stories,African Family Drama TV,@afdramatv,3748,https://www.tiktok.com/@afdramatv
TikTok,English,Family Stories,_Family_Drama_,@familydrama02,3661,https://www.tiktok.com/@familydrama02
TikTok,English,Family Stories,familydramabyanour0,@familydramabyanour0,3361,https://www.tiktok.com/@familydramabyanour0
TikTok,English,Family Stories,Revenge Stories,@redditrevengestories,2642,https://www.tiktok.com/@redditrevengestories
TikTok,English,Family Stories,Family Stories,@family.stories58,2498,https://www.tiktok.com/@family.stories58
TikTok,English,Family Stories,Drama family🌸🪷🌹🥀,@safildeepti143,2444,https://www.tiktok.com/@safildeepti143
TikTok,English,Family Stories,"""Short Drama Family",@update.short.dramas,2437,https://www.tiktok.com/@update.short.dramas
TikTok,English,Family Stories,R2 Family stories ❤️,@r2family2,2430,https://www.tiktok.com/@r2family2
TikTok,English,Family Stories,Retold - family stories,@stories_retold_,2137,https://www.tiktok.com/@stories_retold_
TikTok,English,Family Stories,Family drama💀,@textconversations2508,2094,https://www.tiktok.com/@textconversations2508
TikTok,English,Family Stories,NEW SEASON FAMILY DRAMA COMING,@that_blonde.family,2003,https://www.tiktok.com/@that_blonde.family
TikTok,English,Funny Videos,Funny.Video,@funny.viedoo,3800000,https://www.tiktok.com/@funny.viedoo
TikTok,English,Funny Videos,funny.vibes,@funny.vibes012,3600000,https://www.tiktok.com/@funny.vibes012
TikTok,English,Funny Videos,Funny video,@funny2743,3300000,https://www.tiktok.com/@funny2743
TikTok,English,Funny Videos,🙈man funny video 😂,@adnanmahssood83,2400000,https://www.tiktok.com/@adnanmahssood83
TikTok,English,Funny Videos,Funnyvideos,@funnyvideos0320,2100000,https://www.tiktok.com/@funnyvideos0320
TikTok,English,Funny Videos,funny babise,@funnyvideo3242,2000000,https://www.tiktok.com/@funnyvideo3242
TikTok,English,Funny Videos,funny video,@funny_trends1,1300000,https://www.tiktok.com/@funny_trends1
TikTok,English,Funny Videos,funny,@feunny_videos,1200000,https://www.tiktok.com/@feunny_videos
TikTok,English,Funny Videos,funny_videosm,@funny_videosm,1100000,https://www.tiktok.com/@funny_videosm
TikTok,English,Funny Videos,funny video 😂,@funnyvideo.508,1100000,https://www.tiktok.com/@funnyvideo.508
TikTok,English,Funny Videos,funnyvideos1,@teamfunny38,836500,https://www.tiktok.com/@teamfunny38
TikTok,English,Funny Videos,Funny Videos 🎉,@pg_usa_official,731400,https://www.tiktok.com/@pg_usa_official
TikTok,English,Funny Videos,👑_funny_🔥_Video_👑,@m_s_funny,715600,https://www.tiktok.com/@m_s_funny
TikTok,English,Funny Videos,Funny Baby,@funny.video9o,697700,https://www.tiktok.com/@funny.video9o
TikTok,English,Funny Videos,Funny English viral,@funny.english.vir,692500,https://www.tiktok.com/@funny.english.vir
TikTok,English,Funny Videos,funny animals videos,@funny.animals.vid24,682200,https://www.tiktok.com/@funny.animals.vid24
TikTok,English,Funny Videos,funnnyfailus,@funnyvideoalways,681500,https://www.tiktok.com/@funnyvideoalways
TikTok,English,Funny Videos,USA Funny,@funny.viral.video860,672700,https://www.tiktok.com/@funny.viral.video860
TikTok,English,Funny Videos,✨ Funny Videos ✨,@funnyvideosydz,666500,https://www.tiktok.com/@funnyvideosydz
TikTok,English,Funny Videos,FUNNY VIDEOS,@tomthemine37,633700,https://www.tiktok.com/@tomthemine37
TikTok,English,Funny Videos,FUNNY VIDEOS,@shama8617,601500,https://www.tiktok.com/@shama8617
TikTok,English,Funny Videos,Funny GTA Videos,@funnygtavideos,597300,https://www.tiktok.com/@funnygtavideos
TikTok,English,Funny Videos,Funny-Videos😁👍,@funny.videos0os,593000,https://www.tiktok.com/@funny.videos0os
TikTok,English,Funny Videos,funnyvideo,@funnyvideo1123,581100,https://www.tiktok.com/@funnyvideo1123
TikTok,English,Funny Videos,UK.funny.videos.romantic,@uk.funny.videos.r,572200,https://www.tiktok.com/@uk.funny.videos.r
TikTok,English,Funny Videos,FUNNY VIDEOS 😂🤣,@gulzarali1298,532900,https://www.tiktok.com/@gulzarali1298
TikTok,English,Funny Videos,My funny video,@hindisong009,510300,https://www.tiktok.com/@hindisong009
TikTok,English,Funny Videos,Mr anime,@funny.videos.4477,480500,https://www.tiktok.com/@funny.videos.4477
TikTok,English,Funny Videos,FUNNY x VIRAL,@funnyvideo.105,460000,https://www.tiktok.com/@funnyvideo.105
TikTok,English,Funny Videos,Novellevon932,@funny.videosv,458100,https://www.tiktok.com/@funny.videosv
TikTok,English,Funny Videos,Funnyvideos,@funnyveryday1,432400,https://www.tiktok.com/@funnyveryday1
TikTok,English,Funny Videos,Funnyvideos,@funnyvideo1809,430300,https://www.tiktok.com/@funnyvideo1809
TikTok,English,Funny Videos,Funnyvideos012,@funnyvideo000120,419500,https://www.tiktok.com/@funnyvideo000120
TikTok,English,Funny Videos,funny videos 🤪,@funny_videos1744,415200,https://www.tiktok.com/@funny_videos1744
TikTok,English,Funny Videos,Comedy 🎭🤣,@funnyvideosever8,401400,https://www.tiktok.com/@funnyvideosever8
TikTok,English,Funny Videos,Funnyvideos1,@funnyvideosmaryo,401100,https://www.tiktok.com/@funnyvideosmaryo
TikTok,English,Funny Videos,AB Funny Videos🤣,@abfunnyvideo1,380500,https://www.tiktok.com/@abfunnyvideo1
TikTok,English,Funny Videos,funnyvideo_0595,@funnyvideo_0595,368700,https://www.tiktok.com/@funnyvideo_0595
TikTok,English,Funny Videos,funny.videos.511,@funny.videos.511,356600,https://www.tiktok.com/@funny.videos.511
TikTok,English,Funny Videos,funnyvideos2,@fannyvideos_002,320700,https://www.tiktok.com/@fannyvideos_002
TikTok,English,Funny Videos,😂 Funny Videos 😂,@realfunnyvideos,301100,https://www.tiktok.com/@realfunnyvideos
TikTok,English,Funny Videos,Funny Video 🇻🇳🇺🇸,@dangk5358,295400,https://www.tiktok.com/@dangk5358
TikTok,English,Funny Videos,Funny.Videos,@funny.vid291,269300,https://www.tiktok.com/@funny.vid291
TikTok,English,Funny Videos,Funny videos,@.prankvids,265800,https://www.tiktok.com/@.prankvids
TikTok,English,Funny Videos,Funny videos_999,@funnyvideoss9993,264300,https://www.tiktok.com/@funnyvideoss9993
TikTok,English,Funny Videos,Funny videos,@funny.videos8707,242100,https://www.tiktok.com/@funny.videos8707
TikTok,English,Funny Videos,Funny videos,@funnyvideos0255,226300,https://www.tiktok.com/@funnyvideos0255
TikTok,English,Funny Videos,Funny videos,@official...rodrigo_,184700,https://www.tiktok.com/@official...rodrigo_
TikTok,English,Funny Videos,Funny Videos,@funny_videos12320,166200,https://www.tiktok.com/@funny_videos12320
TikTok,English,Funny Videos,Funny Videoss,@funnyvideossgh,160200,https://www.tiktok.com/@funnyvideossgh
TikTok,English,Funny Videos,funny videos,@funnyvdeoo,159500,https://www.tiktok.com/@funnyvdeoo
TikTok,English,Funny Videos,Funny videos,@funny.videos5792,159300,https://www.tiktok.com/@funny.videos5792
TikTok,English,Funny Videos,Funny videos,@rober.pea64,127600,https://www.tiktok.com/@rober.pea64
TikTok,English,Funny Videos,Funny baby video,@funny.baby.video09,106900,https://www.tiktok.com/@funny.baby.video09
TikTok,English,Funny Videos,funny videos,@avqkshjem5z,96700,https://www.tiktok.com/@avqkshjem5z
TikTok,English,Funny Videos,funnyvideos,@funnyvideos.237,92300,https://www.tiktok.com/@funnyvideos.237
TikTok,English,Funny Videos,Funny videos,@funny_videos_tks,91200,https://www.tiktok.com/@funny_videos_tks
TikTok,English,Funny Videos,funny videos,@userfannymems6,88600,https://www.tiktok.com/@userfannymems6
TikTok,English,Funny Videos,Funny Videos,@funny_3217,85000,https://www.tiktok.com/@funny_3217
TikTok,English,Funny Videos,𝗙𝗨𝗡𝗡𝗬 🤪 𝗩𝗜𝗗𝗘𝗢𝗦 🤓,@funnyvideosfvs1,82900,https://www.tiktok.com/@funnyvideosfvs1
TikTok,English,Funny Videos,Funny videos,@funnykhj7il,80300,https://www.tiktok.com/@funnykhj7il
TikTok,English,Funny Videos,tfunnyvideo4,@funnyjuat0,34500,https://www.tiktok.com/@funnyjuat0
TikTok,English,Funny Videos,funnyvideos 1,@funnyvideosbylovro,34300,https://www.tiktok.com/@funnyvideosbylovro
TikTok,English,Funny Videos,𝙁𝙐𝙉𝙉𝙔 𝙑𝙄𝘿𝙀𝙊𝙎 💫,@arsal__poetry,30900,https://www.tiktok.com/@arsal__poetry
TikTok,English,Funny Videos,funny video😂,@funnyvideos9014,10300,https://www.tiktok.com/@funnyvideos9014
TikTok,English,Funny Videos,funny video,@funnyjune25,2007,https://www.tiktok.com/@funnyjune25
TikTok,English,Horror,realhorrortok,@realhorrortok,2400000,https://www.tiktok.com/@realhorrortok
TikTok,English,Horror,Ethan Gray,@ethangrayhorror,2100000,https://www.tiktok.com/@ethangrayhorror
TikTok,English,Horror,Horror Story X,@horror.story.x,1800000,https://www.tiktok.com/@horror.story.x
TikTok,English,Horror,Horror spot,@horror_spot,1600000,https://www.tiktok.com/@horror_spot
TikTok,English,Horror,Tatis Creepy Stories,@tatiscreepystories,1600000,https://www.tiktok.com/@tatiscreepystories
TikTok,English,Horror,jamie horror,@jamie13horror,1600000,https://www.tiktok.com/@jamie13horror
TikTok,English,Horror,Horror stories,@_horroranimations_,1400000,https://www.tiktok.com/@_horroranimations_
TikTok,English,Horror,Reddit Horror,@reddit.horror__,1200000,https://www.tiktok.com/@reddit.horror__
TikTok,English,Horror,TheHorrorHub,@thehorrorhub,1200000,https://www.tiktok.com/@thehorrorhub
TikTok,English,Horror,Horror Chronicles,@horror_chronicles,865200,https://www.tiktok.com/@horror_chronicles
TikTok,English,Horror,Creepy Stories,@creepystories.16,848200,https://www.tiktok.com/@creepystories.16
TikTok,English,Horror,Horror6sic6,@horror6sic6,666300,https://www.tiktok.com/@horror6sic6
TikTok,English,Horror,Horrorjabi,@horrorjabi,571000,https://www.tiktok.com/@horrorjabi
TikTok,English,Horror,Antonio (HorrorTokHouse),@horrortokhouse,569800,https://www.tiktok.com/@horrortokhouse
TikTok,English,Horror,Creepypastas,@.creepypastas.exe,563200,https://www.tiktok.com/@.creepypastas.exe
TikTok,English,Horror,Lukkii | Horror,@malk_khalifaa,542700,https://www.tiktok.com/@malk_khalifaa
TikTok,English,Horror,horrorsquad666,@horrorsquad666,535600,https://www.tiktok.com/@horrorsquad666
TikTok,English,Horror,creepy_story,@creepy_story_bulat,499800,https://www.tiktok.com/@creepy_story_bulat
TikTok,English,Horror,Horror Stories + Videos,@horroralley,465000,https://www.tiktok.com/@horroralley
TikTok,English,Horror,Scary story,@scary.story976,450100,https://www.tiktok.com/@scary.story976
TikTok,English,Horror,HorrorDecoded,@horrordecoded123,377900,https://www.tiktok.com/@horrordecoded123
TikTok,English,Horror,Scary stories,@dailydarktales1,377100,https://www.tiktok.com/@dailydarktales1
TikTok,English,Horror,Hunter Horror,@hunter.horror,356100,https://www.tiktok.com/@hunter.horror
TikTok,English,Horror,Weekly Scary Stories,@weeklyscarystory,345100,https://www.tiktok.com/@weeklyscarystory
TikTok,English,Horror,ALL THINGS HORROR,@spooksandghoulzz,339700,https://www.tiktok.com/@spooksandghoulzz
TikTok,English,Horror,CREEPY FACTS,@mrcreepypastaa,339300,https://www.tiktok.com/@mrcreepypastaa
TikTok,English,Horror,Scary Reddit Stories,@scary_reddit_stories,338900,https://www.tiktok.com/@scary_reddit_stories
TikTok,English,Horror,Clips_Hub,@horror_hub8,338700,https://www.tiktok.com/@horror_hub8
TikTok,English,Horror,Loop Horror,@loophorror,304400,https://www.tiktok.com/@loophorror
TikTok,English,Horror,HorrorLover,@horrorloverofficial,270000,https://www.tiktok.com/@horrorloverofficial
TikTok,English,Horror,horror story,@chinesehorrorstories,250400,https://www.tiktok.com/@chinesehorrorstories
TikTok,English,Horror,Midnight Horror Stories,@midnight_horrorstories,174700,https://www.tiktok.com/@midnight_horrorstories
TikTok,English,Horror,horrorHub_Official,@horror_hub_official,169300,https://www.tiktok.com/@horror_hub_official
TikTok,English,Horror,Horror Diary,@horror_diary_,139200,https://www.tiktok.com/@horror_diary_
TikTok,English,Horror,Horror animation9,@horroranimation9,102800,https://www.tiktok.com/@horroranimation9
TikTok,English,Horror,Scary stories,@scary._st0ry_,97400,https://www.tiktok.com/@scary._st0ry_
TikTok,English,Horror,horrortiktok,@horroranimatedstories0,82200,https://www.tiktok.com/@horroranimatedstories0
TikTok,English,Horror,Creepy Stories,@scaryhistory377,81800,https://www.tiktok.com/@scaryhistory377
TikTok,English,Horror,Scaryhorrorcreepystories,@scaryhorrorcreepystories,80700,https://www.tiktok.com/@scaryhorrorcreepystories
TikTok,English,Horror,Midnight Horror Stories,@mhs_uza,80500,https://www.tiktok.com/@mhs_uza
TikTok,English,Horror,HORROR,@horror_sleep_,73600,https://www.tiktok.com/@horror_sleep_
TikTok,English,Horror,Horror Stories,@dreadify_,72200,https://www.tiktok.com/@dreadify_
TikTok,English,Horror,CreepyStories,@creepystories8,71300,https://www.tiktok.com/@creepystories8
TikTok,English,Horror,Creepypasta,@ccrepepasta,69800,https://www.tiktok.com/@ccrepepasta
TikTok,English,Horror,Horror Animations,@horrormovies45,68100,https://www.tiktok.com/@horrormovies45
TikTok,English,Horror,Toss and Turn | Creepy stories,@toss.and.turn,68100,https://www.tiktok.com/@toss.and.turn
TikTok,English,Horror,True Horror Stories,@slamdunk659,61500,https://www.tiktok.com/@slamdunk659
TikTok,English,Horror,horror._tok,@horror._tok,54800,https://www.tiktok.com/@horror._tok
TikTok,English,Horror,Creepypasta,@creepyteller.mp4,52700,https://www.tiktok.com/@creepyteller.mp4
TikTok,English,Horror,Scary Facts & Stories,@grimfacts,52600,https://www.tiktok.com/@grimfacts
TikTok,English,Kids,Sing Story Times,@singstorykids,2200000,https://www.tiktok.com/@singstorykids
TikTok,English,Kids,Wolfoo Kids Cartoon,@wolfoostories,2000000,https://www.tiktok.com/@wolfoostories
TikTok,English,Kids,D Billions,@dbillions_kids_songs,1800000,https://www.tiktok.com/@dbillions_kids_songs
TikTok,English,Kids,cartoonsforkids786,@cartoonsforkids786,1100000,https://www.tiktok.com/@cartoonsforkids786
TikTok,English,Kids,Chris Kids Show,@chriskidshow,865700,https://www.tiktok.com/@chriskidshow
TikTok,English,Kids,Lara Baby Music - Kids Songs,@larababysongs,801800,https://www.tiktok.com/@larababysongs
TikTok,English,Kids,Kids Cartoon Hub,@kidscartoonhub.4u,783300,https://www.tiktok.com/@kidscartoonhub.4u
TikTok,English,Kids,Kids cartoon Cartoon,@kidscartooncartoo5,361800,https://www.tiktok.com/@kidscartooncartoo5
TikTok,English,Kids,Cartoon For kids,@cartoon.for.kids17,351500,https://www.tiktok.com/@cartoon.for.kids17
TikTok,English,Kids,Kids Cartoon,@ai.vedio4848,322700,https://www.tiktok.com/@ai.vedio4848
TikTok,English,Kids,Cartoon for kids,@hein561998,316100,https://www.tiktok.com/@hein561998
TikTok,English,Kids,Kids Cartoons,@kids.cartoons99,283500,https://www.tiktok.com/@kids.cartoons99
TikTok,English,Kids,lil lil kids songs,@lil.lil.kids.song,264200,https://www.tiktok.com/@lil.lil.kids.song
TikTok,English,Kids,M.A.M,@kidscartoon7786,251300,https://www.tiktok.com/@kidscartoon7786
TikTok,English,Kids,Happy Kids song❤,@kids.song16,247900,https://www.tiktok.com/@kids.song16
TikTok,English,Kids,cartoon for kids,@cartoonforkids780,229500,https://www.tiktok.com/@cartoonforkids780
TikTok,English,Kids,ME ME BAND,@memeband_kidssongs,221600,https://www.tiktok.com/@memeband_kidssongs
TikTok,English,Kids,kids cartoon,@kids_cartoon31,214800,https://www.tiktok.com/@kids_cartoon31
TikTok,English,Kids,Awesome Kids Cartoon,@awesomekidscartoon042,161800,https://www.tiktok.com/@awesomekidscartoon042
TikTok,English,Kids,song of kids,@song.of.kids,161700,https://www.tiktok.com/@song.of.kids
TikTok,English,Kids,Peapea,@peapeakidssongs,153000,https://www.tiktok.com/@peapeakidssongs
TikTok,English,Kids,Little Tritans - Kids Songs,@littletritans,145000,https://www.tiktok.com/@littletritans
TikTok,English,Kids,KIDS_SONGS,@uskidstv01,143800,https://www.tiktok.com/@uskidstv01
TikTok,English,Kids,Kids Cartoon Us,@kids_cartoonus,142000,https://www.tiktok.com/@kids_cartoonus
TikTok,English,Kids,KidsSongFun,@kidsongfun,135000,https://www.tiktok.com/@kidsongfun
TikTok,English,Kids,Kidscartoons2026,@kidscartoons20260,134200,https://www.tiktok.com/@kidscartoons20260
TikTok,English,Kids,kids songs,@kidsongs4,126000,https://www.tiktok.com/@kidsongs4
TikTok,English,Kids,cartoon for kids,@cartoon.for.kids325,125300,https://www.tiktok.com/@cartoon.for.kids325
TikTok,English,Kids,Kids Cartoon,@kidscartoon786786,115700,https://www.tiktok.com/@kidscartoon786786
TikTok,English,Kids,kids cartoon videos 2,@cartoonvideos2kids,106400,https://www.tiktok.com/@cartoonvideos2kids
TikTok,English,Kids,Kids stories,@kids.stories977,103300,https://www.tiktok.com/@kids.stories977
TikTok,English,Kids,Super Dido Kids Songs,@superdidokids,100400,https://www.tiktok.com/@superdidokids
TikTok,English,Kids,Kids Cartoon,@sherifflabrador12,97100,https://www.tiktok.com/@sherifflabrador12
TikTok,English,Kids,KidsCartoons,@kidscartoon064,94800,https://www.tiktok.com/@kidscartoon064
TikTok,English,Kids,Cuentos de niños/kid’s stories,@cuentosparachiquitos,91800,https://www.tiktok.com/@cuentosparachiquitos
TikTok,English,Kids,Cartoon Kids,@cartoon.kids396,86000,https://www.tiktok.com/@cartoon.kids396
TikTok,English,Kids,KIDS CARTOON ✔🟢,@500k.2026,74400,https://www.tiktok.com/@500k.2026
TikTok,English,Kids,star angel Kids Cartoon,@star.angel.kids,73500,https://www.tiktok.com/@star.angel.kids
TikTok,English,Kids,Kids Cartoon,@hanan.wassem,69600,https://www.tiktok.com/@hanan.wassem
TikTok,English,Kids,Kids Cartoon,@kidzmovies0,69300,https://www.tiktok.com/@kidzmovies0
TikTok,English,Kids,kids Cartoon,@abdul.hannan8770,65200,https://www.tiktok.com/@abdul.hannan8770
TikTok,English,Kids,Song For Kids,@song.for.kids8,61200,https://www.tiktok.com/@song.for.kids8
TikTok,English,Kids,Kidsongs | Music for Kids,@kidsongs,61000,https://www.tiktok.com/@kidsongs
TikTok,English,Kids,kid's Entertainment,@kids_cartoon890,59600,https://www.tiktok.com/@kids_cartoon890
TikTok,English,Kids,Takabloo | Happy Kids Songs,@takabloo,59500,https://www.tiktok.com/@takabloo
TikTok,English,Kids,Cartoon kids videos,@kidsvideo022,58500,https://www.tiktok.com/@kidsvideo022
TikTok,English,Kids,Cartoon_World4Kids,@kidscartoonworld12121,55800,https://www.tiktok.com/@kidscartoonworld12121
TikTok,English,Kids,cartoon kids,@kidzcartoon07,53900,https://www.tiktok.com/@kidzcartoon07
TikTok,English,Kids,tigiboo kids song,@kidssongs010,49500,https://www.tiktok.com/@kidssongs010
TikTok,English,Kids,kids cartoon,@kids.cartoon8553,48300,https://www.tiktok.com/@kids.cartoon8553
TikTok,English,Kids,Cartoon,@cartoon.kids97,48300,https://www.tiktok.com/@cartoon.kids97
TikTok,English,Kids,cartoon kids,@cartoon.kids723,47600,https://www.tiktok.com/@cartoon.kids723
TikTok,English,Kids,Kids Cartoons ✅,@kids.cartoons30,47000,https://www.tiktok.com/@kids.cartoons30
TikTok,English,Kids,BluLoo - Kids Songs Label,@bluloo.kids.songs,46100,https://www.tiktok.com/@bluloo.kids.songs
TikTok,English,Kids,KIDS,@kidslearning79,44000,https://www.tiktok.com/@kidslearning79
TikTok,English,Kids,Kids Cartoons,@kids.cartoooon,42900,https://www.tiktok.com/@kids.cartoooon
TikTok,English,Kids,Kids Cartoon,@kids.cartoon967,42000,https://www.tiktok.com/@kids.cartoon967
TikTok,English,Kids,kids.vfx.cartoon35,@kids.vfx.cartoon35,41900,https://www.tiktok.com/@kids.vfx.cartoon35
TikTok,English,Kids,Cartoon For Kids,@cartoonf0rkids,41500,https://www.tiktok.com/@cartoonf0rkids
TikTok,English,Kids,ArabicKidsSongs,@arabickidssongs,40300,https://www.tiktok.com/@arabickidssongs
TikTok,English,Kids,kids stories PK,@kidsstoriespk,39000,https://www.tiktok.com/@kidsstoriespk
TikTok,English,Kids,Kids Stories,@kids1stories2,35300,https://www.tiktok.com/@kids1stories2
TikTok,English,Kids,Kio Kids Song,@kidsong6868,33600,https://www.tiktok.com/@kidsong6868
TikTok,English,Kids,Kids stories,@kids.stories502,30500,https://www.tiktok.com/@kids.stories502
TikTok,English,Kids,Cute Baby,@kids.fun..cartoon,30400,https://www.tiktok.com/@kids.fun..cartoon
TikTok,English,Kids,Happy Kids Songs,@happy_kidssongs,30000,https://www.tiktok.com/@happy_kidssongs
TikTok,English,Kids,cartoonKids,@cartoonkids947,27500,https://www.tiktok.com/@cartoonkids947
TikTok,English,Kids,Kids Cartoon,@kidscartoon87g,27300,https://www.tiktok.com/@kidscartoon87g
TikTok,English,Kids,Lights Kids Songs,@lightkidssongs,27200,https://www.tiktok.com/@lightkidssongs
TikTok,English,Kids,Chaka Kids | Kids Songs,@chaka.kids,26600,https://www.tiktok.com/@chaka.kids
TikTok,English,Kids,kids abc song,@kids.abc.song,26200,https://www.tiktok.com/@kids.abc.song
TikTok,English,Kids,Wheels On The Bus - Baby Songs,@wheelsonthebuskidssongs9,25500,https://www.tiktok.com/@wheelsonthebuskidssongs9
TikTok,English,Kids,KidsCartoon,@kidscartoons11,24700,https://www.tiktok.com/@kidscartoons11
TikTok,English,Kids,Kids Cartoon,@kids_k_cartoon,21800,https://www.tiktok.com/@kids_k_cartoon
TikTok,English,Kids,Kids Cartoons,@kids.cartoons543,21700,https://www.tiktok.com/@kids.cartoons543
TikTok,English,Kids,KidsCartoons,@kidscartoons693,20500,https://www.tiktok.com/@kidscartoons693
TikTok,English,Kids,kids.stories☺️,@kids.storiez,20400,https://www.tiktok.com/@kids.storiez
TikTok,English,Kids,Kids Song,@ziqi_fans,19500,https://www.tiktok.com/@ziqi_fans
TikTok,English,Kids,kids Cartoon,@kidscartoon0073,19000,https://www.tiktok.com/@kidscartoon0073
TikTok,English,Kids,kids Cartoon,@kids.cartoon8089,18100,https://www.tiktok.com/@kids.cartoon8089
TikTok,English,Kids,Cloudy Kids Songs,@cloudykidssongs,17200,https://www.tiktok.com/@cloudykidssongs
TikTok,English,Kids,Kids Cartoon,@kisscartoon7,17200,https://www.tiktok.com/@kisscartoon7
TikTok,English,Kids,Tuti Zoo - Kids Songs,@tutizookids,15000,https://www.tiktok.com/@tutizookids
TikTok,English,Kids,Pinky Toe Kids - Kids Songs,@pinkytoekids,14500,https://www.tiktok.com/@pinkytoekids
TikTok,English,Kids,Toby and Friends - Kids Songs,@tobyandfriends_kidssongs,14400,https://www.tiktok.com/@tobyandfriends_kidssongs
TikTok,English,Kids,Do Re Mi - Kids Songs,@shiekhwaseem72,13200,https://www.tiktok.com/@shiekhwaseem72
TikTok,English,Kids,D Billions Kids Songs,@dbillionskidssongs,13200,https://www.tiktok.com/@dbillionskidssongs
TikTok,English,Kids,Fairy Kids Stories🌟,@fairykidsstories,12200,https://www.tiktok.com/@fairykidsstories
TikTok,English,Kids,Bedtime stories for kids,@bedtime.stories.kids,12200,https://www.tiktok.com/@bedtime.stories.kids
TikTok,English,Kids,ABC kids songs,@abckidssong,11300,https://www.tiktok.com/@abckidssong
TikTok,English,Kids,Dreamland Tales,@funnystorieskids,10900,https://www.tiktok.com/@funnystorieskids
TikTok,English,Kids,Akan Kids Songs1,@akankidssongs1,10600,https://www.tiktok.com/@akankidssongs1
TikTok,English,Kids,kids cartoon 2,@kids_cartoon18283,10600,https://www.tiktok.com/@kids_cartoon18283
TikTok,English,Kids,farida_kids_stories,@farida_kids_stories,10600,https://www.tiktok.com/@farida_kids_stories
TikTok,English,Kids,Fatima Taimoor Kids Stories,@kidsstories940,10600,https://www.tiktok.com/@kidsstories940
TikTok,English,Kids,kids cartoon,@kidscartoon587,10500,https://www.tiktok.com/@kidscartoon587
TikTok,English,Kids,Kids Rhymes Songs 😂 kids,@kidsrhymessongs4141kids,10300,https://www.tiktok.com/@kidsrhymessongs4141kids
TikTok,English,Kids,KidsCartoon,@kidscartoon418,10000,https://www.tiktok.com/@kidscartoon418
TikTok,English,Kids,Ira | EduSong Kids,@ira_kurniawati1,8777,https://www.tiktok.com/@ira_kurniawati1
TikTok,English,Kids,Kids TV-Stories and Adventure,@kidstv_adventures,7992,https://www.tiktok.com/@kidstv_adventures
TikTok,English,Kids,Baby ai,@baby_cartoon13,7891,https://www.tiktok.com/@baby_cartoon13
TikTok,English,Kids,Kids stories fun,@kids.stories754,7352,https://www.tiktok.com/@kids.stories754
TikTok,English,Kids,Youssef stories for kids,@youssef.stories.f2,6613,https://www.tiktok.com/@youssef.stories.f2
TikTok,English,Kids,Kids Cartoon,@kids.cartoontoys1,5406,https://www.tiktok.com/@kids.cartoontoys1
TikTok,English,Kids,Kids Bedtime Stories,@kids_bedtime_stories3943,5050,https://www.tiktok.com/@kids_bedtime_stories3943
TikTok,English,Kids,Songs & Stories For Kids,@babysharks_sx,4429,https://www.tiktok.com/@babysharks_sx
TikTok,English,Kids,cartoon videos for kids,@cartoon.video777,4088,https://www.tiktok.com/@cartoon.video777
TikTok,English,Kids,Kids Songs Thailand,@kidssongsthailand,3847,https://www.tiktok.com/@kidssongsthailand
TikTok,English,Kids,kids Urdu stories,@kids.urdu.stores,3803,https://www.tiktok.com/@kids.urdu.stores
TikTok,English,Kids,Kids Twist Stories,@kids.twist.stories,3714,https://www.tiktok.com/@kids.twist.stories
TikTok,English,Kids,kids Songs TV,@kids.songs.tv,3334,https://www.tiktok.com/@kids.songs.tv
TikTok,English,Kids,Kid's stories,@safdar.khan0436,3300,https://www.tiktok.com/@safdar.khan0436
TikTok,English,Kids,Kids Cartoon,@kidscartoonkid,3228,https://www.tiktok.com/@kidscartoonkid
TikTok,English,Kids,Litle kids stories,@litlekidsstories,3139,https://www.tiktok.com/@litlekidsstories
TikTok,English,Kids,Funny fruits2026,@kids.stories683,3053,https://www.tiktok.com/@kids.stories683
TikTok,English,Kids,Kids Songs,@kids.songs37,2938,https://www.tiktok.com/@kids.songs37
TikTok,English,Kids,kids ia,@stories.kids3,2366,https://www.tiktok.com/@stories.kids3
TikTok,English,Kids,Kids cartoon,@kids_cartoon063,2050,https://www.tiktok.com/@kids_cartoon063
TikTok,English,Kids,Kidsstoriestime,@kidsstoriestime19,2005,https://www.tiktok.com/@kidsstoriestime19
TikTok,English,Podcast,Jumpers Jump Podcast,@jumpersjump,12500000,https://www.tiktok.com/@jumpersjump
TikTok,English,Podcast,jack neel podcast,@fyp,8800000,https://www.tiktok.com/@fyp
TikTok,English,Podcast,Miss Honey,@slow.english.podcast,4400000,https://www.tiktok.com/@slow.english.podcast
TikTok,English,Podcast,Stiff Socks Podcast,@stiffsockspod,3400000,https://www.tiktok.com/@stiffsockspod
TikTok,English,Podcast,podcats,@podcats,3000000,https://www.tiktok.com/@podcats
TikTok,English,Podcast,Flow Podcast [OFICIAL],@flowpdc,3000000,https://www.tiktok.com/@flowpdc
TikTok,English,Podcast,No Jumper Podcast,@nojumper,2300000,https://www.tiktok.com/@nojumper
TikTok,English,Podcast,TB4YPODCAST,@tb4ypodcast,2200000,https://www.tiktok.com/@tb4ypodcast
TikTok,English,Podcast,NFR Podcast,@nfrpodcast,1800000,https://www.tiktok.com/@nfrpodcast
TikTok,English,Podcast,NUEVO MILENIO,@podcastnuevomile,1600000,https://www.tiktok.com/@podcastnuevomile
TikTok,English,Podcast,I’ve Had It Podcast,@ivehaditpodcast,1500000,https://www.tiktok.com/@ivehaditpodcast
TikTok,English,Podcast,Ladies & Tangents Podcast,@ladiesandtangents,1400000,https://www.tiktok.com/@ladiesandtangents
TikTok,English,Podcast,Más Allá del Silencio Podcast,@masalladelsilencio,1400000,https://www.tiktok.com/@masalladelsilencio
TikTok,English,Podcast,Crash Dummies Podcast,@crashdummiespodcast,1300000,https://www.tiktok.com/@crashdummiespodcast
TikTok,English,Podcast,Capitalks Podcast,@capitalkspodcast,1300000,https://www.tiktok.com/@capitalkspodcast
TikTok,English,Podcast,CENTRAL PODCAST,@central.podcast,1200000,https://www.tiktok.com/@central.podcast
TikTok,English,Podcast,The Fellas Podcast,@thefellaspod,1100000,https://www.tiktok.com/@thefellaspod
TikTok,English,Podcast,The Unplanned Podcast,@unplanned_podcast,1100000,https://www.tiktok.com/@unplanned_podcast
TikTok,English,Podcast,Best Podcast Clips,@shaunattwood,1100000,https://www.tiktok.com/@shaunattwood
TikTok,English,Podcast,THE UNNOTICED PODCAST,@unoticed.pc,1100000,https://www.tiktok.com/@unoticed.pc
TikTok,English,Podcast,podcastandchill,@podcastandchillza,1000000,https://www.tiktok.com/@podcastandchillza
TikTok,English,Podcast,Mindset Podcast 🎙️,@miindsetpodcast,1000000,https://www.tiktok.com/@miindsetpodcast
TikTok,English,Podcast,Plug Talk,@plugtalkshow,931900,https://www.tiktok.com/@plugtalkshow
TikTok,English,Podcast,Positivamente Podcast,@positivamente.podcast,886100,https://www.tiktok.com/@positivamente.podcast
TikTok,English,Podcast,ComfortLevelPodcast,@comfortlevelpodcast,850400,https://www.tiktok.com/@comfortlevelpodcast
TikTok,English,Podcast,The LSD Experience - Podcast,@thelsdexperience,850200,https://www.tiktok.com/@thelsdexperience
TikTok,English,Podcast,Brittany Ransom,@caughtpodcast,806100,https://www.tiktok.com/@caughtpodcast
TikTok,English,Podcast,Podcast P Show,@podcastpshow,560400,https://www.tiktok.com/@podcastpshow
TikTok,English,Podcast,🥀 podcast_3arabi 🥀,@ousama_mounir,490000,https://www.tiktok.com/@ousama_mounir
TikTok,English,Podcast,PODCAST CLIPS 🎙️,@quiz_game32,394200,https://www.tiktok.com/@quiz_game32
TikTok,English,Podcast,PODCAST 🔫TV 📺🎙🛡🎙📽🇬🇳,@foutatv224,331000,https://www.tiktok.com/@foutatv224
TikTok,English,Podcast,Podcast Mundial 🌏,@podcastmundiall,205700,https://www.tiktok.com/@podcastmundiall
TikTok,English,Podcast,Pulp.podcast Official,@pulp.podcast.official,203000,https://www.tiktok.com/@pulp.podcast.official
TikTok,English,Podcast,trending hot trend,@podcastsmxfans,109000,https://www.tiktok.com/@podcastsmxfans
TikTok,English,Podcast,Podcast English,@podcast.english48,77000,https://www.tiktok.com/@podcast.english48
TikTok,English,Podcast,Podcast🎙️,@thetoday.podcast,73400,https://www.tiktok.com/@thetoday.podcast
TikTok,English,Podcast,PODCAST BRASIL,@podcast.brasil1,61700,https://www.tiktok.com/@podcast.brasil1
TikTok,English,Podcast,Podcast English,@_moodir,59300,https://www.tiktok.com/@_moodir
TikTok,English,Podcast,LIVE Podcast,@livepodcast.de,47600,https://www.tiktok.com/@livepodcast.de
TikTok,English,Podcast,historias podcast,@chukieuro7,43500,https://www.tiktok.com/@chukieuro7
TikTok,English,Podcast,podcast,@podcast9811,42800,https://www.tiktok.com/@podcast9811
TikTok,English,Podcast,ጭዌ podcast,@chewepodcast,38700,https://www.tiktok.com/@chewepodcast
TikTok,English,Podcast,Podcast fans,@a_minute_of_prayer,38200,https://www.tiktok.com/@a_minute_of_prayer
TikTok,English,Podcast,Podcast ✅,@jamesui7,36500,https://www.tiktok.com/@jamesui7
TikTok,English,Podcast,Podcast 🥰,@dofee.podcast,30800,https://www.tiktok.com/@dofee.podcast
TikTok,English,Podcast,Podcast Official,@podcastofficia,24500,https://www.tiktok.com/@podcastofficia
TikTok,English,Podcast,Podcast,@user5623207811907,22300,https://www.tiktok.com/@user5623207811907
TikTok,English,Podcast,Podcast 🎙,@podcasthj1,18600,https://www.tiktok.com/@podcasthj1
TikTok,English,Podcast,podcast_,@the_podcasts,13100,https://www.tiktok.com/@the_podcasts
TikTok,English,Podcast,PODCAST,@talkandblockpodcast,12800,https://www.tiktok.com/@talkandblockpodcast
TikTok,English,Podcast,podcast,@podcasttop123,12600,https://www.tiktok.com/@podcasttop123
TikTok,English,Podcast,Podcast.live,@followforfollow5185,12600,https://www.tiktok.com/@followforfollow5185
TikTok,English,Podcast,PODCAST🇺🇸,@luxurymotivation795,11400,https://www.tiktok.com/@luxurymotivation795
TikTok,English,Podcast,Podcast Deutschland,@podcastdeutschland3,11100,https://www.tiktok.com/@podcastdeutschland3
TikTok,English,Podcast,Podcast-,@robertaschumaker,10700,https://www.tiktok.com/@robertaschumaker
TikTok,English,Podcast,Podcast.,@chukhaihien,8417,https://www.tiktok.com/@chukhaihien
TikTok,English,Podcast,DehCouchPodcast,@yakolapauta,7375,https://www.tiktok.com/@yakolapauta
TikTok,English,Podcast,The 9787 Podcast,@the9787podcast,6875,https://www.tiktok.com/@the9787podcast
TikTok,English,Podcast,The Agnew Podcast,@agnewpodcast,5396,https://www.tiktok.com/@agnewpodcast
TikTok,English,Podcast,the901podcast,@the901podcast,3500,https://www.tiktok.com/@the901podcast
TikTok,English,Street Interview,Street Interviews,@streetinterviewsofficial,782000,https://www.tiktok.com/@streetinterviewsofficial
TikTok,English,Street Interview,Street Interviews Sport,@streetinterviewssport,136000,https://www.tiktok.com/@streetinterviewssport
TikTok,English,Street Interview,askinger0,@askinger0,68100,https://www.tiktok.com/@askinger0
TikTok,English,Street Interview,streetinterview_nick,@streetinterview_nick,65400,https://www.tiktok.com/@streetinterview_nick
TikTok,English,Street Interview,Street Interview,@street.interview00,40500,https://www.tiktok.com/@street.interview00
TikTok,English,Street Interview,Treet Interviews,@streetinterview.sm,36200,https://www.tiktok.com/@streetinterview.sm
TikTok,English,Street Interview,Street interview,@streetinterview2.0,35400,https://www.tiktok.com/@streetinterview2.0
TikTok,English,Street Interview,JIN’s street interview,@jinsstreetinterview,28200,https://www.tiktok.com/@jinsstreetinterview
TikTok,English,Street Interview,interview_FC,@street_interview.120,26300,https://www.tiktok.com/@street_interview.120
TikTok,English,Street Interview,Strangers,@talking.strangers_,24600,https://www.tiktok.com/@talking.strangers_
TikTok,English,Street Interview,ATL STREET INTERVIEW REACTIONS,@atl.street.interv,17300,https://www.tiktok.com/@atl.street.interv
TikTok,English,Street Interview,Streets Interview,@streetinterview_,16800,https://www.tiktok.com/@streetinterview_
TikTok,English,Street Interview,Street Interview UK,@streetinterviewuk,16100,https://www.tiktok.com/@streetinterviewuk
TikTok,English,Street Interview,StreetInterview,@ruthevelyn19585,16000,https://www.tiktok.com/@ruthevelyn19585
TikTok,English,Street Interview,Street interview,@richmindsetclips0,14000,https://www.tiktok.com/@richmindsetclips0
TikTok,English,Street Interview,Street Interview 🎤,@henryjoe200,13900,https://www.tiktok.com/@henryjoe200
TikTok,English,Street Interview,Street Interview,@street.interview517,13700,https://www.tiktok.com/@street.interview517
TikTok,English,Street Interview,street interview alanthedude,@interviewalanthedude,13000,https://www.tiktok.com/@interviewalanthedude
TikTok,English,Street Interview,Street interview,@das.leben.des.bria,12900,https://www.tiktok.com/@das.leben.des.bria
TikTok,English,Street Interview,Street Interview 🥸,@islamic_video_post4,12800,https://www.tiktok.com/@islamic_video_post4
TikTok,English,Street Interview,usastreetinterview,@usastreetinterview,12400,https://www.tiktok.com/@usastreetinterview
TikTok,English,Street Interview,UK STREET INTERVIEWS,@uk_streetinterview,12000,https://www.tiktok.com/@uk_streetinterview
TikTok,English,Street Interview,Bigfoot on street,@bigfoot_streetinterview,12000,https://www.tiktok.com/@bigfoot_streetinterview
TikTok,English,Street Interview,street_interviews_,@street_interviews_,11700,https://www.tiktok.com/@street_interviews_
TikTok,English,Street Interview,Asking,@gzr47095q3f,11300,https://www.tiktok.com/@gzr47095q3f
TikTok,English,Street Interview,faustohammesrida,@faustohammesrida,11000,https://www.tiktok.com/@faustohammesrida
TikTok,English,Street Interview,Fitnessgirls40004,@streetinterviewofficial1,10800,https://www.tiktok.com/@streetinterviewofficial1
TikTok,English,Street Interview,Street Interviews Br,@princeleoner55,10700,https://www.tiktok.com/@princeleoner55
TikTok,English,Street Interview,Streetinterviews,@ycsyot00854,10700,https://www.tiktok.com/@ycsyot00854
TikTok,English,Street Interview,STREET INTERVIEWS0,@street.interviews0,10500,https://www.tiktok.com/@street.interviews0
TikTok,English,Street Interview,Street interviews,@bhankutien,10100,https://www.tiktok.com/@bhankutien
TikTok,English,Street Interview,Street Interview 🎤🎬,@street.interview95,9152,https://www.tiktok.com/@street.interview95
TikTok,English,Street Interview,Street Interviews,@ama1_si,5537,https://www.tiktok.com/@ama1_si
TikTok,English,Street Interview,Asking A Stranger,@askingastranger.sg,4397,https://www.tiktok.com/@askingastranger.sg
TikTok,English,Street Interview,streetinterview04,@streetinterview04,4169,https://www.tiktok.com/@streetinterview04
TikTok,English,Street Interview,Street interviews 😂😂😂,@street.interviews01,2024,https://www.tiktok.com/@street.interviews01
TikTok,French,AI Content,Une histoire ia,@une.histoire.ia2,806900,https://www.tiktok.com/@une.histoire.ia2
TikTok,French,AI Content,Histoire ia,@histoirefruit12,509900,https://www.tiktok.com/@histoirefruit12
TikTok,French,AI Content,IA_ExtraitHistoire,@ia_extraithistoire,302400,https://www.tiktok.com/@ia_extraithistoire
TikTok,French,AI Content,Histoire IA,@histoire_ia17,294800,https://www.tiktok.com/@histoire_ia17
TikTok,French,AI Content,Pro vidéo IA,@ibra82004,292500,https://www.tiktok.com/@ibra82004
TikTok,French,AI Content,Histoires générées par l'IA,@epicanimalstales6,169200,https://www.tiktok.com/@epicanimalstales6
TikTok,French,AI Content,Histoire.IA.01,@khalil_story0,166400,https://www.tiktok.com/@khalil_story0
TikTok,French,AI Content,histoireiap,@histoireiap,164700,https://www.tiktok.com/@histoireiap
TikTok,French,AI Content,Histoire IA,@afrique.actu0,148300,https://www.tiktok.com/@afrique.actu0
TikTok,French,AI Content,ur IA vidéo club,@ur.ia.vido.club,126000,https://www.tiktok.com/@ur.ia.vido.club
TikTok,French,AI Content,FruitHistoireIA,@faguokfpqmo,125100,https://www.tiktok.com/@faguokfpqmo
TikTok,French,AI Content,Histoire IA✨,@histoire_ia77,115600,https://www.tiktok.com/@histoire_ia77
TikTok,French,AI Content,Histoire IA,@histoireia55,90100,https://www.tiktok.com/@histoireia55
TikTok,French,AI Content,Vidéo IA Drôle 🇫🇷🇧🇫✍️,@videoiadrole6,81400,https://www.tiktok.com/@videoiadrole6
TikTok,French,AI Content,Histoires IA,@histoiresia78,78800,https://www.tiktok.com/@histoiresia78
TikTok,French,AI Content,HISTOIRE IA,@histoire.ia22,48100,https://www.tiktok.com/@histoire.ia22
TikTok,French,AI Content,Histoire_ia,@replay_story_ia,43700,https://www.tiktok.com/@replay_story_ia
TikTok,French,AI Content,VIDÉO IA,@cookson1,36600,https://www.tiktok.com/@cookson1
TikTok,French,AI Content,Histoire IA,@denone_0,31400,https://www.tiktok.com/@denone_0
TikTok,French,AI Content,histoire ia,@histoire.ia234,27300,https://www.tiktok.com/@histoire.ia234
TikTok,French,AI Content,vidéo ia,@senegalrek394,21100,https://www.tiktok.com/@senegalrek394
TikTok,French,AI Content,vidéo ia,@dialogue11,19900,https://www.tiktok.com/@dialogue11
TikTok,French,AI Content,Vidéo ia,@mersbest3,18600,https://www.tiktok.com/@mersbest3
TikTok,French,AI Content,𝑽𝒊𝒅𝒆́𝒐 𝑰𝑨 🇸🇳,@histoire_ia_oficiel,13300,https://www.tiktok.com/@histoire_ia_oficiel
TikTok,French,AI Content,HistoireIA,@humour.ia0,8983,https://www.tiktok.com/@humour.ia0
TikTok,French,AI Content,HistoireIa,@histoireiawtfff,7528,https://www.tiktok.com/@histoireiawtfff
TikTok,French,AI Content,vidéo IA,@vido.ia25,6779,https://www.tiktok.com/@vido.ia25
TikTok,French,AI Content,vidéo ia,@vido.ia896,6078,https://www.tiktok.com/@vido.ia896
TikTok,French,AI Content,VIDÉO IA ÉwÉ 🇹🇬💎,@zagafa.one,4542,https://www.tiktok.com/@zagafa.one
TikTok,French,AI Content,Vidéo IA,@sora2videoia,3871,https://www.tiktok.com/@sora2videoia
TikTok,French,AI Content,Vidéo ia,@iafr45,2255,https://www.tiktok.com/@iafr45
TikTok,French,AI Content,histoireia,@histoireia59,2105,https://www.tiktok.com/@histoireia59
TikTok,French,Animation,Dessin animés,@dessinanime94,1000000,https://www.tiktok.com/@dessinanime94
TikTok,French,Animation,Dessin animé en français,@tchoupi854,173800,https://www.tiktok.com/@tchoupi854
TikTok,French,Animation,dessin animé,@dessin.anim871,160500,https://www.tiktok.com/@dessin.anim871
TikTok,French,Animation,Mon Animation,@dessinanime246,133000,https://www.tiktok.com/@dessinanime246
TikTok,French,Animation,DessinAnimé,@kikstoons_dessinanime,85200,https://www.tiktok.com/@kikstoons_dessinanime
TikTok,French,Animation,dessinanimés2,@dessinanims2,67700,https://www.tiktok.com/@dessinanims2
TikTok,French,Animation,USA Animation,@usaanimation0,49500,https://www.tiktok.com/@usaanimation0
TikTok,French,Animation,Dessin animé,@animes.kids,48300,https://www.tiktok.com/@animes.kids
TikTok,French,Animation,dessin animé,@dessin.anim29,45200,https://www.tiktok.com/@dessin.anim29
TikTok,French,Animation,Dessin ✍️ animé,@ismala.diallo814,35000,https://www.tiktok.com/@ismala.diallo814
TikTok,French,Animation,Dessin Animé 🐵🦁🐷,@theboss_2210,26500,https://www.tiktok.com/@theboss_2210
TikTok,French,Animation,Dessin animé 🔥🩵,@lil_mor_otf,25300,https://www.tiktok.com/@lil_mor_otf
TikTok,French,Animation,Dessin Animé,@dessin.anim350,23100,https://www.tiktok.com/@dessin.anim350
TikTok,French,Animation,Dessin animé 🧑‍🤝‍🧑,@sawadogomadi334,22600,https://www.tiktok.com/@sawadogomadi334
TikTok,French,Animation,animationfrance86,@animationfrance86,21600,https://www.tiktok.com/@animationfrance86
TikTok,French,Animation,dessin.animé,@enfance_dessin.anime,21200,https://www.tiktok.com/@enfance_dessin.anime
TikTok,French,Animation,Dessin Anime Français,@kidscontentfr,19600,https://www.tiktok.com/@kidscontentfr
TikTok,French,Animation,Animation,@animation.2027,19100,https://www.tiktok.com/@animation.2027
TikTok,French,Animation,dessin animé enfant,@titounisfr,16900,https://www.tiktok.com/@titounisfr
TikTok,French,Animation,P'tit Dessin Animé,@jsc3274,14600,https://www.tiktok.com/@jsc3274
TikTok,French,Animation,🦄 🐥 Dessin animé 🧚🏻🐻,@snoopy.kids,14400,https://www.tiktok.com/@snoopy.kids
TikTok,French,Animation,Dessin Animé,@regardetondessinanim9,13900,https://www.tiktok.com/@regardetondessinanim9
TikTok,French,Animation,Dessin animé sticky,@dessin.anim.stick,11700,https://www.tiktok.com/@dessin.anim.stick
TikTok,French,Animation,DessinAnimé,@filmseriecompletfr,9961,https://www.tiktok.com/@filmseriecompletfr
TikTok,French,Animation,dessin animé clubs,@bidjoelle15,9586,https://www.tiktok.com/@bidjoelle15
TikTok,French,Animation,dessin animé,@dessin.anim66,7322,https://www.tiktok.com/@dessin.anim66
TikTok,French,Animation,DESSIN_ANIMÉ,@dessin_anim18,6595,https://www.tiktok.com/@dessin_anim18
TikTok,French,Animation,dessin animé ✨🌸,@zarakibleach4,6240,https://www.tiktok.com/@zarakibleach4
TikTok,French,Animation,Dessin animé Animé,@artdessinanim,5340,https://www.tiktok.com/@artdessinanim
TikTok,French,Animation,dessin animé,@jocey12345,5256,https://www.tiktok.com/@jocey12345
TikTok,French,Animation,dessin animé @ CHECHEKULE,@germainodiane,5078,https://www.tiktok.com/@germainodiane
TikTok,French,Animation,Ross Roys,@dessinanime,4200,https://www.tiktok.com/@dessinanime
TikTok,French,Animation,DESSIN ANIMÉ 😹🤪,@dessin_anim11,4061,https://www.tiktok.com/@dessin_anim11
TikTok,French,Animation,Dessin animé 🫡🚹🇧🇫🧠,@le.roi4591,3898,https://www.tiktok.com/@le.roi4591
TikTok,French,Animation,Dessin animé,@dessinanime145,3504,https://www.tiktok.com/@dessinanime145
TikTok,French,Animation,Dessin Animé 3D,@dessin.anim.3d7,3488,https://www.tiktok.com/@dessin.anim.3d7
TikTok,French,Animation,dessin animé,@dessin.anim935,3344,https://www.tiktok.com/@dessin.anim935
TikTok,French,Animation,dessin animé,@dessinanime503,3291,https://www.tiktok.com/@dessinanime503
TikTok,French,Animation,dessin animé,@dessin.anim10,3250,https://www.tiktok.com/@dessin.anim10
TikTok,French,Animation,dessin animé 2025,@tometjerry606,3244,https://www.tiktok.com/@tometjerry606
TikTok,French,Animation,Dessin animé 🇫🇷,@dessinanime488,2732,https://www.tiktok.com/@dessinanime488
TikTok,French,Animation,DESSIN ANIMÉ,@dessin.anim223,2697,https://www.tiktok.com/@dessin.anim223
TikTok,French,Animation,dessinAnimé,@dessinanim547,2694,https://www.tiktok.com/@dessinanim547
TikTok,French,Animation,Dessin Animé FR ✨,@dessin.anim.fr2,2651,https://www.tiktok.com/@dessin.anim.fr2
TikTok,French,Animation,dessin animé,@dessinanime004,2571,https://www.tiktok.com/@dessinanime004
TikTok,French,Animation,Dessin animé 🤪✨,@dessin_anime20.26,2485,https://www.tiktok.com/@dessin_anime20.26
TikTok,French,Animation,talibebaye34 dessin animé,@talibebaye345,2425,https://www.tiktok.com/@talibebaye345
TikTok,French,Animation,Dessin animé,@dessin.anime2226,2326,https://www.tiktok.com/@dessin.anime2226
TikTok,French,Animation,dessin animé✌️✌️,@yassinetazi17,2253,https://www.tiktok.com/@yassinetazi17
TikTok,French,Animation,dessin animé.1,@dessin.anim.pour.enfan,2212,https://www.tiktok.com/@dessin.anim.pour.enfan
TikTok,French,Animation,Dessin animé,@dessinanimeclip,2183,https://www.tiktok.com/@dessinanimeclip
TikTok,French,Animation,Dessin animé,@dessin.anime.cinema,2104,https://www.tiktok.com/@dessin.anime.cinema
TikTok,French,Animation,Dessin animé 2000s,@dessin_anime_2000,2091,https://www.tiktok.com/@dessin_anime_2000
TikTok,French,Channeling,connexion_spirituelle,@connexion_spirituelle,101500,https://www.tiktok.com/@connexion_spirituelle
TikTok,French,Channeling,Connexion Spirituelle,@connexion.spiritu49,21100,https://www.tiktok.com/@connexion.spiritu49
TikTok,French,Channeling,📖Conection Spirituel 🕊️,@feyiton_kretyen7,10200,https://www.tiktok.com/@feyiton_kretyen7
TikTok,French,Family Stories,Histoire Familiale,@histoirefamiliale,1000000,https://www.tiktok.com/@histoirefamiliale
TikTok,French,Family Stories,Contos de vida,@historiadefamilia2,237700,https://www.tiktok.com/@historiadefamilia2
TikTok,French,Family Stories,Les Histoires du Monde,@claudinendjoya,219000,https://www.tiktok.com/@claudinendjoya
TikTok,French,Family Stories,histoire familiale,@histoire_familiale,177700,https://www.tiktok.com/@histoire_familiale
TikTok,French,Family Stories,Histoire de Famille,@histoiredefamilletv,159000,https://www.tiktok.com/@histoiredefamilletv
TikTok,French,Family Stories,Histoire de famille,@histoire..de..famille,119200,https://www.tiktok.com/@histoire..de..famille
TikTok,French,Family Stories,FADEL_histoires 🇲🇫,@fad_el03,88400,https://www.tiktok.com/@fad_el03
TikTok,French,Family Stories,Histoire de Famille,@histoiredefamilletv0,45700,https://www.tiktok.com/@histoiredefamilletv0
TikTok,French,Family Stories,_Histoire_de_Gaby_,@_histoire_de_gaby_,29800,https://www.tiktok.com/@_histoire_de_gaby_
TikTok,French,Family Stories,histoire de famille,@histoire.de.famil,26200,https://www.tiktok.com/@histoire.de.famil
TikTok,French,Family Stories,Les liens De famille,@kai10040,21400,https://www.tiktok.com/@kai10040
TikTok,French,Family Stories,De la bonne famille 🇬🇳🇬🇳❤️,@fatoumatafofana88,19100,https://www.tiktok.com/@fatoumatafofana88
TikTok,French,Family Stories,Secrets de Famille,@histoires_incroyables__,13700,https://www.tiktok.com/@histoires_incroyables__
TikTok,French,Family Stories,Unpetitgenie,@histoiresdefamille,10900,https://www.tiktok.com/@histoiresdefamille
TikTok,French,Family Stories,histoire.de.famille,@histoire.de.famille,9420,https://www.tiktok.com/@histoire.de.famille
TikTok,French,Family Stories,🌸 Histoires de femmes 🌸,@histoires.de.femmes,7560,https://www.tiktok.com/@histoires.de.femmes
TikTok,French,Family Stories,✨️🎀 Histoires de famille 🎀✨️,@pacokobi842,4375,https://www.tiktok.com/@pacokobi842
TikTok,French,Funny Videos,Vidéos_Drôles,@ila_videosdroles,381700,https://www.tiktok.com/@ila_videosdroles
TikTok,French,Funny Videos,vidéos drôles 😎,@videodroles2,38000,https://www.tiktok.com/@videodroles2
TikTok,French,Funny Videos,Vidéos drôles,@videos_droles26,21400,https://www.tiktok.com/@videos_droles26
TikTok,French,Funny Videos,VidéosDrôles,@videosdroleslolmdr,16500,https://www.tiktok.com/@videosdroleslolmdr
TikTok,French,Funny Videos,Vidéos Drôles 🤣🎥,@videos2_fou,13200,https://www.tiktok.com/@videos2_fou
TikTok,French,Funny Videos,Vidéo drôle 😹,@thom.bhxx,12600,https://www.tiktok.com/@thom.bhxx
TikTok,French,Funny Videos,VIDÉOS DRÔLES 🤣,@filmvsrealite1,12500,https://www.tiktok.com/@filmvsrealite1
TikTok,French,Funny Videos,VIDÉO DRÔLE QC,@clip.qc69,12500,https://www.tiktok.com/@clip.qc69
TikTok,French,Funny Videos,Vidéos Drôles 🤣,@vidos.drles5,12300,https://www.tiktok.com/@vidos.drles5
TikTok,French,Funny Videos,Vidéos drôles 😁,@videos.2ouf,8101,https://www.tiktok.com/@videos.2ouf
TikTok,French,Funny Videos,Vidéos drôles,@videos_droles35,5763,https://www.tiktok.com/@videos_droles35
TikTok,French,Funny Videos,vidéosdrôles,@videosdroles4567,5374,https://www.tiktok.com/@videosdroles4567
TikTok,French,Funny Videos,Vidéos Drôles 😂,@videos__mdr_,5322,https://www.tiktok.com/@videos__mdr_
TikTok,French,Funny Videos,VIDÉOS DRÔLES,@videosdroles0,3074,https://www.tiktok.com/@videosdroles0
TikTok,French,Funny Videos,vidéos drôles,@classique93,3032,https://www.tiktok.com/@classique93
TikTok,French,Funny Videos,vidéosdrôles,@vidosdrles2,2343,https://www.tiktok.com/@vidosdrles2
TikTok,French,Kids,Kid’s zone,@comptinepourenfants3,141400,https://www.tiktok.com/@comptinepourenfants3
TikTok,French,Kids,contes de fées pour enfants,@contesdefee,130300,https://www.tiktok.com/@contesdefee
TikTok,French,Kids,video.pour.lesenfants,@afristory_ai,102500,https://www.tiktok.com/@afristory_ai
TikTok,French,Kids,Tout Pour Mon Enfant,@meredevouee,45500,https://www.tiktok.com/@meredevouee
TikTok,French,Kids,Espace ludique pour enfants,@espaceludiquepourenfant6,32700,https://www.tiktok.com/@espaceludiquepourenfant6
TikTok,French,Kids,miké pour enfant🙉🙈,@mikpourenfants,31600,https://www.tiktok.com/@mikpourenfants
TikTok,French,Kids,Bible pour enfants 🙏🙏,@biblepourenfants,26800,https://www.tiktok.com/@biblepourenfants
TikTok,French,Kids,Comptine enfants,@comptine.enfants2,25400,https://www.tiktok.com/@comptine.enfants2
TikTok,French,Kids,Français Pour Enfants,@francais.pour.enfant,24300,https://www.tiktok.com/@francais.pour.enfant
TikTok,French,Kids,LeMonde PourEnfants,@lemonde.pourenfan,17500,https://www.tiktok.com/@lemonde.pourenfan
TikTok,French,Kids,Petit monde pour les enfants,@bambineriediouma,15500,https://www.tiktok.com/@bambineriediouma
TikTok,French,Kids,tiktok pour enfants,@tiktok.pour.enfants,13000,https://www.tiktok.com/@tiktok.pour.enfants
TikTok,French,Kids,Diabakh Pour Les enfants,@diabakhnature,12500,https://www.tiktok.com/@diabakhnature
TikTok,French,Kids,Toutpourlesenfants,@toutpourlesenfants,11100,https://www.tiktok.com/@toutpourlesenfants
TikTok,French,Kids,Tout pour les enfants 👧,@diallo8e,10900,https://www.tiktok.com/@diallo8e
TikTok,French,Kids,LEILA ✨🎉🇫🇷,@comptineenfants2,4932,https://www.tiktok.com/@comptineenfants2
TikTok,French,Kids,Comptine Enfant,@comptine123,4485,https://www.tiktok.com/@comptine123
TikTok,French,Kids,chansonetcomptine,@chansonetcomptine,2329,https://www.tiktok.com/@chansonetcomptine
TikTok,French,Kids,Comptines,@comptinesbebe12,2211,https://www.tiktok.com/@comptinesbebe12
TikTok,French,Podcast,Podcast France,@podcastfrance0,8919,https://www.tiktok.com/@podcastfrance0
TikTok,French,Street Interview,micro trottoir237 🇨🇲,@micro.trottoir237,1500000,https://www.tiktok.com/@micro.trottoir237
TikTok,French,Street Interview,Brisco_boost_family🌍🇨🇲🇭🇹,@micro.trottoir.live,802500,https://www.tiktok.com/@micro.trottoir.live
TikTok,French,Street Interview,TAMBARI🎤✅,@tambari_micro_trottoir,318600,https://www.tiktok.com/@tambari_micro_trottoir
TikTok,French,Street Interview,MICRO TROTTOIR GAO,@microtrottoirgao,232500,https://www.tiktok.com/@microtrottoirgao
TikTok,French,Street Interview,Micro trottoir Bouaké 🎤,@kd32838,173800,https://www.tiktok.com/@kd32838
TikTok,French,Street Interview,Micro trottoir I.B,@microtrottoiri.b,166400,https://www.tiktok.com/@microtrottoiri.b
TikTok,French,Street Interview,Alerge-micro-trottoir,@alerge.1,118900,https://www.tiktok.com/@alerge.1
TikTok,French,Street Interview,O MICRO 🎤,@lemicrotrottoir,105900,https://www.tiktok.com/@lemicrotrottoir
TikTok,French,Street Interview,microtrottoir,@microtrottoir033,82900,https://www.tiktok.com/@microtrottoir033
TikTok,French,Street Interview,MICRO-TROTTOIR,@micro.trottoir.tn,81200,https://www.tiktok.com/@micro.trottoir.tn
TikTok,French,Street Interview,Micro-trottoir sur l islam ☪️,@.prod.223,66600,https://www.tiktok.com/@.prod.223
TikTok,French,Street Interview,micro-trottoir,@loris..giuliano,51500,https://www.tiktok.com/@loris..giuliano
TikTok,French,Street Interview,microtrottoir,@microtrottoir14,35500,https://www.tiktok.com/@microtrottoir14
TikTok,French,Street Interview,🇲🇦🇩🇿🇹🇳ENDOGAME,@microtrottoir877,33500,https://www.tiktok.com/@microtrottoir877
TikTok,French,Street Interview,micro-trottoir,@microtrottoir798,33400,https://www.tiktok.com/@microtrottoir798
TikTok,French,Street Interview,micro-trottoir 🇧🇮❤️,@microtrottoir.257,31000,https://www.tiktok.com/@microtrottoir.257
TikTok,French,Street Interview,Micro trottoir FR,@microtrotooirfr,26200,https://www.tiktok.com/@microtrotooirfr
TikTok,French,Street Interview,Dja micro trottoir,@oumarsangare675,25000,https://www.tiktok.com/@oumarsangare675
TikTok,French,Street Interview,microtrottoir 0,@microtrottoir80,19800,https://www.tiktok.com/@microtrottoir80
TikTok,French,Street Interview,Dja Micro trottoir,@microtrottoir43,19200,https://www.tiktok.com/@microtrottoir43
TikTok,French,Street Interview,Axel micro 🎤 trottoir de baby,@serviteur.axel40,16600,https://www.tiktok.com/@serviteur.axel40
TikTok,French,Street Interview,user99944408053,@microtrottoirdelagloire,16100,https://www.tiktok.com/@microtrottoirdelagloire
TikTok,French,Street Interview,stars micro trottoir,@stars_micro_trottoir,15600,https://www.tiktok.com/@stars_micro_trottoir
TikTok,French,Street Interview,Micro Trottoir,@micro.trottoir0,14200,https://www.tiktok.com/@micro.trottoir0
TikTok,French,Street Interview,Edouard Micro Trottoir,@edouardmicrotrottoir,13700,https://www.tiktok.com/@edouardmicrotrottoir
TikTok,French,Street Interview,lavoixdupeuplemicrotrottoir,@lavoixdupeuplemic,11200,https://www.tiktok.com/@lavoixdupeuplemic
TikTok,French,Street Interview,Micro_trottoir,@tunisian___tv,10900,https://www.tiktok.com/@tunisian___tv
TikTok,French,Street Interview,MicroTrottoirSora,@fantaisia1,9007,https://www.tiktok.com/@fantaisia1
TikTok,French,Street Interview,MICRO TROTTOIR🎤💐,@micro.trottoir42,8703,https://www.tiktok.com/@micro.trottoir42
TikTok,French,Street Interview,micro.troittoir,@micro.troittoir,7761,https://www.tiktok.com/@micro.troittoir
TikTok,French,Street Interview,SIMKA🎤💫,@microtrottoir06,7668,https://www.tiktok.com/@microtrottoir06
TikTok,French,Street Interview,Les mamans,@microtrottoiria,7170,https://www.tiktok.com/@microtrottoiria
TikTok,French,Street Interview,Micro Trottoir,@urbantrottoir,6843,https://www.tiktok.com/@urbantrottoir
TikTok,French,Street Interview,micro trottoirs,@333quizz,6637,https://www.tiktok.com/@333quizz
TikTok,French,Street Interview,🇭🇹microtrottoirmhd🇭🇹🇭🇹,@microtrottoirmhd,6064,https://www.tiktok.com/@microtrottoirmhd
TikTok,French,Street Interview,microtrottoir T,@microtrottoir29,5256,https://www.tiktok.com/@microtrottoir29
TikTok,French,Street Interview,micro trottoir 🎤,@politique.pourtous,5107,https://www.tiktok.com/@politique.pourtous
TikTok,French,Street Interview,wouadodzjbp,@micro.trottoir.2,4199,https://www.tiktok.com/@micro.trottoir.2
TikTok,French,Street Interview,Microdu08 🎤,@microtrottoir08,4119,https://www.tiktok.com/@microtrottoir08
TikTok,French,Street Interview,Zeus-micro trottoir 🎤,@marouane_448,3574,https://www.tiktok.com/@marouane_448
TikTok,French,Street Interview,micro trottoir Sjd384@,@jacques9315,3527,https://www.tiktok.com/@jacques9315
TikTok,French,Street Interview,Le Grand micro2beoumi🎤(Melo),@microtrottoir.et,3259,https://www.tiktok.com/@microtrottoir.et
TikTok,French,Street Interview,Prank/ micro-trottoir,@lamenace10k,3131,https://www.tiktok.com/@lamenace10k
TikTok,French,Street Interview,Micro.trottoir,@micro.trottoir48,2332,https://www.tiktok.com/@micro.trottoir48
TikTok,French,Street Interview,Microtrottoir 🎙,@microtrottoir51,2198,https://www.tiktok.com/@microtrottoir51
TikTok,French,Street Interview,Micro-trottoir France🇨🇵,@madridi.hadidi,2129,https://www.tiktok.com/@madridi.hadidi
TikTok,German,AI Content,KI-Geschichten,@a.02728,18200,https://www.tiktok.com/@a.02728
TikTok,German,AI Content,Ki Videos,@kividz,15400,https://www.tiktok.com/@kividz
TikTok,German,AI Content,KI-Geschichtenhaus,@kigeschichtenhaus,14000,https://www.tiktok.com/@kigeschichtenhaus
TikTok,German,AI Content,KI Videos,@gitkivideos,11000,https://www.tiktok.com/@gitkivideos
TikTok,German,AI Content,Ki Videos,@snypelol,3329,https://www.tiktok.com/@snypelol
TikTok,German,AI Content,Ki Videos,@viral123435,2109,https://www.tiktok.com/@viral123435
TikTok,German,Animation,Animations,@animationbyothers,26800,https://www.tiktok.com/@animationbyothers
TikTok,German,Animation,zeichentrickKurz,@zeichentrickkurz,26200,https://www.tiktok.com/@zeichentrickkurz
TikTok,German,Animation,Nachricht,@zeichentrick00,23000,https://www.tiktok.com/@zeichentrick00
TikTok,German,Animation,gewohnheitenzeichentrick,@gewohnheitenzeichentrick,20500,https://www.tiktok.com/@gewohnheitenzeichentrick
TikTok,German,Animation,zeichentrickfrüchte,@zeichentrickfruchte,16100,https://www.tiktok.com/@zeichentrickfruchte
TikTok,German,Animation,Animation 3D,@deutsch.animation3d,13400,https://www.tiktok.com/@deutsch.animation3d
TikTok,German,Animation,Zeichentrick Story,@dyielsk,11400,https://www.tiktok.com/@dyielsk
TikTok,German,Animation,Zeichentrickfilm,@animationsfilm3,7904,https://www.tiktok.com/@animationsfilm3
TikTok,German,Animation,MMAnimation,@mmanimationdeutsch,3635,https://www.tiktok.com/@mmanimationdeutsch
TikTok,German,Animation,zeichentrickserie,@zeichentrickserien,2933,https://www.tiktok.com/@zeichentrickserien
TikTok,German,Animation,♡Belle♡,@zeichentrick_fantasy,2357,https://www.tiktok.com/@zeichentrick_fantasy
TikTok,German,Channeling,Channeling,@channeling_xy,3316,https://www.tiktok.com/@channeling_xy
TikTok,German,Channeling,Channeling Facts,@channeling.facts,2330,https://www.tiktok.com/@channeling.facts
TikTok,German,Family Stories,Deutsche Familienversicherung,@dfv.ag,132300,https://www.tiktok.com/@dfv.ag
TikTok,German,Family Stories,familienzeugs 🧿,@familienzeugs,85400,https://www.tiktok.com/@familienzeugs
TikTok,German,Family Stories,familienbruch_elise,@familienbruch_elise,83200,https://www.tiktok.com/@familienbruch_elise
TikTok,German,Family Stories,Frauengeschichten,@asolj1979,80000,https://www.tiktok.com/@asolj1979
TikTok,German,Family Stories,Familienleben,@familienleben2,70700,https://www.tiktok.com/@familienleben2
TikTok,German,Family Stories,Geschichten,@newsttk4,50100,https://www.tiktok.com/@newsttk4
TikTok,German,Family Stories,manu die powerfrau,@familienmensch2,21100,https://www.tiktok.com/@familienmensch2
TikTok,German,Family Stories,Geschichten,@geschichten851,19300,https://www.tiktok.com/@geschichten851
TikTok,German,Family Stories,GeschichtenZeit,@geschichtenzeit22,15700,https://www.tiktok.com/@geschichtenzeit22
TikTok,German,Family Stories,Braverjunge,@familie_ist_heilig_11_14,14700,https://www.tiktok.com/@familie_ist_heilig_11_14
TikTok,German,Family Stories,Geschichten,@germanstories7,12700,https://www.tiktok.com/@germanstories7
TikTok,German,Family Stories,Familienmensch69,@familienmensch36,11700,https://www.tiktok.com/@familienmensch36
TikTok,German,Family Stories,Familiengeschichten.61,@familiengeschichten.61,11100,https://www.tiktok.com/@familiengeschichten.61
TikTok,German,Family Stories,Geschichten,@geschichten183,8572,https://www.tiktok.com/@geschichten183
TikTok,German,Family Stories,Geschichten,@im..hotter.then.you,7518,https://www.tiktok.com/@im..hotter.then.you
TikTok,German,Family Stories,🌸🌺🩷 Familien Mensch 🌸🌺🩷,@2011_du_und_ich,6693,https://www.tiktok.com/@2011_du_und_ich
TikTok,German,Family Stories,Familiengeschichte,@user6173305465508,5209,https://www.tiktok.com/@user6173305465508
TikTok,German,Family Stories,Geschichten,@geschichten69,3542,https://www.tiktok.com/@geschichten69
TikTok,German,Family Stories,639 FA 💚 EngelFamilie💚💚💚💚,@engelfamilie,3046,https://www.tiktok.com/@engelfamilie
TikTok,German,Family Stories,Familie ❤️kap52❤️‍🔥,@familien,2275,https://www.tiktok.com/@familien
TikTok,German,Funny Videos,LustigeBabyVideos,@lustigebabyvideos,314500,https://www.tiktok.com/@lustigebabyvideos
TikTok,German,Funny Videos,Lustige Videos,@lustigevideosss,80900,https://www.tiktok.com/@lustigevideosss
TikTok,German,Funny Videos,Lustige Clips,@lustigevideoclips,30900,https://www.tiktok.com/@lustigevideoclips
TikTok,German,Funny Videos,LustigeVideos.1,@lustigevideos.1,26600,https://www.tiktok.com/@lustigevideos.1
TikTok,German,Funny Videos,lustige_videos128726399,@lustige_videos128726399,18600,https://www.tiktok.com/@lustige_videos128726399
TikTok,German,Funny Videos,FunnyVideos,@lustigevideos123477,17000,https://www.tiktok.com/@lustigevideos123477
TikTok,German,Funny Videos,lustige_videos1418,@lustige_videos1418,16100,https://www.tiktok.com/@lustige_videos1418
TikTok,German,Funny Videos,Lustige Videos,@viralevideos123_,14300,https://www.tiktok.com/@viralevideos123_
TikTok,German,Funny Videos,lustige videos🇩🇪🇨🇲,@lustigevideos_109,9699,https://www.tiktok.com/@lustigevideos_109
TikTok,German,Funny Videos,Lustige Videos,@lustige.videos617,9689,https://www.tiktok.com/@lustige.videos617
TikTok,German,Funny Videos,LustigeVideos32,@lustigevideos32,9031,https://www.tiktok.com/@lustigevideos32
TikTok,German,Funny Videos,Gerhard,@lustige_videos26,8408,https://www.tiktok.com/@lustige_videos26
TikTok,German,Funny Videos,Lustige Videos,@lightning_ecom,8296,https://www.tiktok.com/@lightning_ecom
TikTok,German,Funny Videos,Lustige Videos/Memes,@itm_jano_,7370,https://www.tiktok.com/@itm_jano_
TikTok,German,Funny Videos,LustigeVideos,@spass_und_lustig,6532,https://www.tiktok.com/@spass_und_lustig
TikTok,German,Funny Videos,Lustige Videos 😃,@lustigevideos412,6353,https://www.tiktok.com/@lustigevideos412
TikTok,German,Funny Videos,Lustige Videos,@lachenkannjeder,5705,https://www.tiktok.com/@lachenkannjeder
TikTok,German,Funny Videos,Lustige Videos,@nc_today,4681,https://www.tiktok.com/@nc_today
TikTok,German,Funny Videos,Lustigevideos😂,@lustigevideos,4629,https://www.tiktok.com/@lustigevideos
TikTok,German,Funny Videos,😂 Lustige Videos Deutschland,@lustigevideosdeutschland,4094,https://www.tiktok.com/@lustigevideosdeutschland
TikTok,German,Funny Videos,Maximilian,@lustigeovideos,3250,https://www.tiktok.com/@lustigeovideos
TikTok,German,Funny Videos,lustige_videos901,@lustige_videos901,3156,https://www.tiktok.com/@lustige_videos901
TikTok,German,Funny Videos,lustigevideos,@lustige_videos0000,3080,https://www.tiktok.com/@lustige_videos0000
TikTok,German,Funny Videos,Lustige Videos,@ma_ra_sa,2640,https://www.tiktok.com/@ma_ra_sa
TikTok,German,Funny Videos,lustige Videos😅😝,@lennyelschner6,2102,https://www.tiktok.com/@lennyelschner6
TikTok,German,Funny Videos,Lustige Videos,@lustigevideos164,2080,https://www.tiktok.com/@lustigevideos164
TikTok,German,Kids,kids cartoon videos,@kids.cartoon.vide12,385000,https://www.tiktok.com/@kids.cartoon.vide12
TikTok,German,Kids,Kati_Kinderlieder,@katibreuer_kinderlieder,193500,https://www.tiktok.com/@katibreuer_kinderlieder
TikTok,German,Kids,Kinderlieder,@puppensingenkinderlieder,21400,https://www.tiktok.com/@puppensingenkinderlieder
TikTok,German,Kids,KinderDrama,@julia0728645,19600,https://www.tiktok.com/@julia0728645
TikTok,German,Kids,WirliebenKinderlieder,@wirliebenkinderlieder,13300,https://www.tiktok.com/@wirliebenkinderlieder
TikTok,German,Kids,kako.kinderlieder,@kako.kinderlieder,11100,https://www.tiktok.com/@kako.kinderlieder
TikTok,German,Kids,TiRiLi Kinderlieder,@tirili_kinderlieder,9860,https://www.tiktok.com/@tirili_kinderlieder
TikTok,German,Kids,Bobo's Kinderliederland,@bobos_kinderliederland,8838,https://www.tiktok.com/@bobos_kinderliederland
TikTok,German,Kids,GeschichtenDerNacht,@tech.flowx0,8318,https://www.tiktok.com/@tech.flowx0
TikTok,German,Kids,NeTo Kinderlieder,@neto.kinderlieder,6789,https://www.tiktok.com/@neto.kinderlieder
TikTok,German,Kids,Ayat & Geschichten für Kinder,@ayatgeschichten,4993,https://www.tiktok.com/@ayatgeschichten
TikTok,German,Kids,Ena.Kinderlieder,@ena.kinderlieder,4652,https://www.tiktok.com/@ena.kinderlieder
TikTok,German,Kids,kids Videos entertaiment,@kids.videos.enter,4520,https://www.tiktok.com/@kids.videos.enter
TikTok,German,Kids,Pollys Kinderlieder,@pollydiekatze,3871,https://www.tiktok.com/@pollydiekatze
TikTok,German,Kids,Kinderlieder mit Bobby,@kinderlieder_mit_bobby,3645,https://www.tiktok.com/@kinderlieder_mit_bobby
TikTok,German,Kids,Hurra Kinderlieder,@hurra.kinderlieder,3593,https://www.tiktok.com/@hurra.kinderlieder
TikTok,German,Kids,singkinderlieder,@singkinderlieder,3252,https://www.tiktok.com/@singkinderlieder
TikTok,German,Kids,Kinderlieder die Spaß machen,@kinderlieder.die,3115,https://www.tiktok.com/@kinderlieder.die
TikTok,German,Kids,Bunte Kinderlieder,@bunte.kinderlieder,2418,https://www.tiktok.com/@bunte.kinderlieder
TikTok,German,Kids,Kindergeschichten,@kindergeschichten6,2046,https://www.tiktok.com/@kindergeschichten6
TikTok,German,Podcast,Podcast by Deutschland,@amnas.tv,32400,https://www.tiktok.com/@amnas.tv
TikTok,German,Podcast,Deutsch Podcast,@deutschpodcast,21700,https://www.tiktok.com/@deutschpodcast
TikTok,German,Podcast,Deutschland Podcast,@fabianbaggeler.vlog,16400,https://www.tiktok.com/@fabianbaggeler.vlog
TikTok,German,Podcast,Dein Podcast Deutsch,@321.wohnmobil,14000,https://www.tiktok.com/@321.wohnmobil
TikTok,German,Podcast,Podcast Deutschland,@dr.kasten,12100,https://www.tiktok.com/@dr.kasten
TikTok,German,Podcast,Podcast_Deutschland,@podcast__deutschland,11200,https://www.tiktok.com/@podcast__deutschland
TikTok,German,Podcast,PodcastDeutschland,@podcastdeutschlandtv,6691,https://www.tiktok.com/@podcastdeutschlandtv
TikTok,German,Podcast,deutschaberschwarz.podcast,@deutschaberschwarz,6444,https://www.tiktok.com/@deutschaberschwarz
TikTok,German,Podcast,deutschpodcast101fm,@deutschpodcast101fm,4527,https://www.tiktok.com/@deutschpodcast101fm
TikTok,German,Podcast,Podcast Deutschland,@bestepodcast,4315,https://www.tiktok.com/@bestepodcast
TikTok,German,Podcast,deutschepodcast,@deutschepodcast0,2613,https://www.tiktok.com/@deutschepodcast0
TikTok,German,Street Interview,Straßenumfragen Mädels,@straenumfragen.md,4618,https://www.tiktok.com/@straenumfragen.md
TikTok,Japanese,AI Content,ai动画,@van.dungx.888,331000,https://www.tiktok.com/@van.dungx.888
TikTok,Japanese,AI Content,AI物語,@aistories_jp,31400,https://www.tiktok.com/@aistories_jp
TikTok,Japanese,AI Content,AIアニメ,@ai_anime010,20900,https://www.tiktok.com/@ai_anime010
TikTok,Japanese,AI Content,AIアニメ,@trudymookqn,12600,https://www.tiktok.com/@trudymookqn
TikTok,Japanese,AI Content,AI音楽,@zatugakuchannel1,10900,https://www.tiktok.com/@zatugakuchannel1
TikTok,Japanese,AI Content,AI物語,@ai_jojo_2026,10600,https://www.tiktok.com/@ai_jojo_2026
TikTok,Japanese,AI Content,AIアニメ【始祖】,@nekkopanchi,10300,https://www.tiktok.com/@nekkopanchi
TikTok,Japanese,AI Content,AIアニメ研究所,@ai.anime_lab,9789,https://www.tiktok.com/@ai.anime_lab
TikTok,Japanese,AI Content,AI物語,@ai__monogatari,5314,https://www.tiktok.com/@ai__monogatari
TikTok,Japanese,AI Content,AI動画,@eto19495,4824,https://www.tiktok.com/@eto19495
TikTok,Japanese,AI Content,AIアニメ実験,@aianimetest,2242,https://www.tiktok.com/@aianimetest
TikTok,Japanese,AI Content,AIアニメ屋さん,@aianimeya,2026,https://www.tiktok.com/@aianimeya
TikTok,Japanese,Animation,アニメーション名言集,@animationmeigen,224800,https://www.tiktok.com/@animationmeigen
TikTok,Japanese,Animation,アニメーション科学普及,@mahammadelia,64099,https://www.tiktok.com/@mahammadelia
TikTok,Japanese,Animation,.-. アニメーション .-.,@onichan.milk,48800,https://www.tiktok.com/@onichan.milk
TikTok,Japanese,Animation,くるいどりアニメーション,@kuruidori_anime,39700,https://www.tiktok.com/@kuruidori_anime
TikTok,Japanese,Animation,アニメーションニュース,@sportchay,15200,https://www.tiktok.com/@sportchay
TikTok,Japanese,Animation,映画アニメーション,@jamajijooo,13800,https://www.tiktok.com/@jamajijooo
TikTok,Japanese,Animation,アニメーション,@.ixtachii.x39,12100,https://www.tiktok.com/@.ixtachii.x39
TikTok,Japanese,Animation,ノミ・アニメーション,@ricco_micco_14,12100,https://www.tiktok.com/@ricco_micco_14
TikTok,Japanese,Animation,アニメーション 016,@jpmovie003,12000,https://www.tiktok.com/@jpmovie003
TikTok,Japanese,Animation,丸子アニメーション,@colty839,11400,https://www.tiktok.com/@colty839
TikTok,Japanese,Animation,3アニメクナ,@___agnix___,11100,https://www.tiktok.com/@___agnix___
TikTok,Japanese,Animation,アニメーション番号 8,@animeshonbango8,10700,https://www.tiktok.com/@animeshonbango8
TikTok,Japanese,Animation,アニメーション、,@rpbena7,10200,https://www.tiktok.com/@rpbena7
TikTok,Japanese,Animation,アニメーション,@ruby.yoher,10100,https://www.tiktok.com/@ruby.yoher
TikTok,Japanese,Animation,2Dアニメーション,@animeshon.2d,9891,https://www.tiktok.com/@animeshon.2d
TikTok,Japanese,Animation,面白いアニメーション,@crayon.jp123,8090,https://www.tiktok.com/@crayon.jp123
TikTok,Japanese,Animation,アニメーション 🥷,@toon3780,6196,https://www.tiktok.com/@toon3780
TikTok,Japanese,Animation,アニメーション,@gonzalesanyelo,4988,https://www.tiktok.com/@gonzalesanyelo
TikTok,Japanese,Animation,アニメーション,@jik6736,4630,https://www.tiktok.com/@jik6736
TikTok,Japanese,Animation,JEアニメーション,@jeanimations,3899,https://www.tiktok.com/@jeanimations
TikTok,Japanese,Animation,Jc アニメーション,@jc_ryuu,2603,https://www.tiktok.com/@jc_ryuu
TikTok,Japanese,Animation,ユウのイラスト、アニメーション🐉🐅🌶️,@yu_meme1123,2025,https://www.tiktok.com/@yu_meme1123
TikTok,Japanese,Channeling,🔮ヴェールのチャネリング・タロット占い🔮,@vert75015,2244,https://www.tiktok.com/@vert75015
TikTok,Japanese,Family Stories,家族の物語,@jungbojungbo,27400,https://www.tiktok.com/@jungbojungbo
TikTok,Japanese,Family Stories,家族の物語,@duellbergunrrp.jp,15300,https://www.tiktok.com/@duellbergunrrp.jp
TikTok,Japanese,Funny Videos,面白い動画を共有してください。,@2110.andy.d,10900,https://www.tiktok.com/@2110.andy.d
TikTok,Japanese,Funny Videos,面白い動画(’ω’)ｻｲｺｳｶﾖｫｫｫｫｫｫｫ,@userka2urazxba,3031,https://www.tiktok.com/@userka2urazxba
TikTok,Japanese,Funny Videos,面白い動画,@user902495961157,2955,https://www.tiktok.com/@user902495961157
TikTok,Japanese,Funny Videos,面白い動画切り抜き界隈,@mr.kirinuki,2567,https://www.tiktok.com/@mr.kirinuki
TikTok,Japanese,Funny Videos,面白い動画,@perasoym5sg,2218,https://www.tiktok.com/@perasoym5sg
TikTok,Japanese,Kids,【キッズアイ】,@kids_eye,41100,https://www.tiktok.com/@kids_eye
TikTok,Japanese,Kids,童話,@hua0_200,17800,https://www.tiktok.com/@hua0_200
TikTok,Japanese,Kids,【非公式】NHKみんなのうた/音楽/歌/歌謡/童謡,@nhk_minnanouta_douga,2374,https://www.tiktok.com/@nhk_minnanouta_douga
TikTok,Japanese,Podcast,ヨリモド【ポッドキャスト】,@yorimodo,78900,https://www.tiktok.com/@yorimodo
TikTok,Japanese,Podcast,スーツ兄弟【ポッドキャスト】,@suitspod,31800,https://www.tiktok.com/@suitspod
TikTok,Japanese,Podcast,AIポッドキャスト,@podcast_aim,25200,https://www.tiktok.com/@podcast_aim
TikTok,Japanese,Podcast,ポッドキャストの裏側,@podcast_no_uragawa,21000,https://www.tiktok.com/@podcast_no_uragawa
TikTok,Japanese,Podcast,海外ポッドキャスト集,@podcastfromtheworld,5532,https://www.tiktok.com/@podcastfromtheworld
TikTok,Japanese,Podcast,アニーの英語ポッドキャスト,@annie_engpod,2711,https://www.tiktok.com/@annie_engpod
TikTok,Japanese,Podcast,赤ちゃんポッドキャスト,@ai_baby_podcast0,2103,https://www.tiktok.com/@ai_baby_podcast0
TikTok,Japanese,Street Interview,海外街頭インタビュー,@kaigai_interview,42800,https://www.tiktok.com/@kaigai_interview
TikTok,Japanese,Street Interview,インタビュー改,@boin_jyoshi,15000,https://www.tiktok.com/@boin_jyoshi
TikTok,Japanese,Street Interview,外国人インタビュー,@user6773843187915,13300,https://www.tiktok.com/@user6773843187915
TikTok,Japanese,Street Interview,外国人インタビュー女子@日本文化アプリ『ICHIBAN』,@foreigner_interview_girl,11600,https://www.tiktok.com/@foreigner_interview_girl
TikTok,Japanese,Street Interview,外国人インタビューJP,@user71958405457567,10700,https://www.tiktok.com/@user71958405457567
TikTok,Japanese,Street Interview,インタビュー,@otona_joshi16,8326,https://www.tiktok.com/@otona_joshi16
TikTok,Japanese,Street Interview,街頭インタビューJp,@jp63422,4005,https://www.tiktok.com/@jp63422
TikTok,Japanese,Street Interview,インタビュー,@rosikin.sikin6,2532,https://www.tiktok.com/@rosikin.sikin6
TikTok,Japanese,Street Interview,街頭野球人インタビュー,@korekara_career,2455,https://www.tiktok.com/@korekara_career
TikTok,Korean,Animation,애니메이션 ⛓️,@_delta_6,45100,https://www.tiktok.com/@_delta_6
TikTok,Korean,Animation,애니메이션 편집,@x...._isa_....x,19500,https://www.tiktok.com/@x...._isa_....x
TikTok,Korean,Animation,마나툰 애니메이션,@mana.mana_korea,17300,https://www.tiktok.com/@mana.mana_korea
TikTok,Korean,Animation,3분애니요약,@rs13i9,16900,https://www.tiktok.com/@rs13i9
TikTok,Korean,Animation,애니메이션,@rdaw6544gyq,14000,https://www.tiktok.com/@rdaw6544gyq
TikTok,Korean,Animation,애니메이션 리뷰,@goodmovies8386,14000,https://www.tiktok.com/@goodmovies8386
TikTok,Korean,Animation,포켓 애니메이션,@poketh_dl_studio,12800,https://www.tiktok.com/@poketh_dl_studio
TikTok,Korean,Animation,애니메이션 탑,@jptv2026,12700,https://www.tiktok.com/@jptv2026
TikTok,Korean,Animation,애니메이션의 집,@user7851798405627,12200,https://www.tiktok.com/@user7851798405627
TikTok,Korean,Animation,애니메이션❤️,@loverlimon,12200,https://www.tiktok.com/@loverlimon
TikTok,Korean,Animation,애니메이션 요약,@user9955230980692,11600,https://www.tiktok.com/@user9955230980692
TikTok,Korean,Animation,애니메이션 극장,@happy.movie2026,11400,https://www.tiktok.com/@happy.movie2026
TikTok,Korean,Animation,애니메이션 세계,@hudacfchm39,10600,https://www.tiktok.com/@hudacfchm39
TikTok,Korean,Animation,애니메이션 역,@oorixrkrmev,10500,https://www.tiktok.com/@oorixrkrmev
TikTok,Korean,Animation,샤오슝애니메이션,@moviminij11,10200,https://www.tiktok.com/@moviminij11
TikTok,Korean,Animation,애니메이션 천국,@jlwpcsmb71,9952,https://www.tiktok.com/@jlwpcsmb71
TikTok,Korean,Animation,애니메이션 엔터테인먼트,@thichtutai21,9912,https://www.tiktok.com/@thichtutai21
TikTok,Korean,Animation,애니메이션 해설,@user1736755298804,9862,https://www.tiktok.com/@user1736755298804
TikTok,Korean,Animation,폼 애니메이션,@pomanime,8990,https://www.tiktok.com/@pomanime
TikTok,Korean,Animation,애니메이션 개 만세,@cry_danny,5184,https://www.tiktok.com/@cry_danny
TikTok,Korean,Animation,애니메이션이있을 것입니다,@show_love28,3597,https://www.tiktok.com/@show_love28
TikTok,Korean,Animation,애니메이션❤️,@mbti197,2955,https://www.tiktok.com/@mbti197
TikTok,Korean,Animation,애니메이션 탑,@ffalkfa,2907,https://www.tiktok.com/@ffalkfa
TikTok,Korean,Animation,🦋카디자 🐚애니메이션🦋,@khadia064,2727,https://www.tiktok.com/@khadia064
TikTok,Korean,Animation,애니메이션,@fancymina.ii,2506,https://www.tiktok.com/@fancymina.ii
TikTok,Korean,Animation,애니메이션,@todobeki,2342,https://www.tiktok.com/@todobeki
TikTok,Korean,Animation,애니메이션,@user9617236080485,2208,https://www.tiktok.com/@user9617236080485
TikTok,Korean,Animation,애니메이션ART아저씨,@mrartchoi,2098,https://www.tiktok.com/@mrartchoi
TikTok,Korean,Family Stories,가족,@familystyle68,51100,https://www.tiktok.com/@familystyle68
TikTok,Korean,Family Stories,가족 이야기,@vikha49kanom1,19800,https://www.tiktok.com/@vikha49kanom1
TikTok,Korean,Family Stories,가족에 관한 이야기,@familythings.krn,19200,https://www.tiktok.com/@familythings.krn
TikTok,Korean,Family Stories,가족,@animal_family97,10200,https://www.tiktok.com/@animal_family97
TikTok,Korean,Family Stories,가족,@gladback.h,3983,https://www.tiktok.com/@gladback.h
TikTok,Korean,Family Stories,행복한가족이야기 ❤️❤️❤️,@30651916289,3386,https://www.tiktok.com/@30651916289
TikTok,Korean,Family Stories,가족,@criticallthinking,2351,https://www.tiktok.com/@criticallthinking
TikTok,Korean,Funny Videos,깔깔깔 웃긴영상,@user6058068505795,22100,https://www.tiktok.com/@user6058068505795
TikTok,Korean,Funny Videos,웃긴영상모음,@2177825755,12800,https://www.tiktok.com/@2177825755
TikTok,Korean,Funny Videos,웃긴 영상,@funny_video_57,7363,https://www.tiktok.com/@funny_video_57
TikTok,Korean,Funny Videos,웃긴영상,@sinxlee,6258,https://www.tiktok.com/@sinxlee
TikTok,Korean,Funny Videos,웃긴 영상 😄,@relaxing_vibes60,5942,https://www.tiktok.com/@relaxing_vibes60
TikTok,Korean,Funny Videos,웃긴영상,@funny_humorhaha,4626,https://www.tiktok.com/@funny_humorhaha
TikTok,Korean,Funny Videos,"슬픔,웃긴 영상 모음",@dnd.sndi,3947,https://www.tiktok.com/@dnd.sndi
TikTok,Korean,Funny Videos,웃긴영상,@kingfunny343,3641,https://www.tiktok.com/@kingfunny343
TikTok,Korean,Funny Videos,웃긴영상 모음집,@crizehaha,3180,https://www.tiktok.com/@crizehaha
TikTok,Korean,Funny Videos,뻘하게 웃긴영상 모음🌸,@dyn7yvjt6nq0,2770,https://www.tiktok.com/@dyn7yvjt6nq0
TikTok,Korean,Funny Videos,웃긴영상,@zz07zz07,2750,https://www.tiktok.com/@zz07zz07
TikTok,Korean,Funny Videos,외국 웃긴 영상,@funnyvd13589,2297,https://www.tiktok.com/@funnyvd13589
TikTok,Korean,Kids,동요,@lililil_136,38400,https://www.tiktok.com/@lililil_136
TikTok,Korean,Kids,어린이 둥지,@ngoc.ninh.92,16800,https://www.tiktok.com/@ngoc.ninh.92
TikTok,Korean,Kids,동요😁,@_kim_139,5551,https://www.tiktok.com/@_kim_139
TikTok,Korean,Podcast,포리얼_팟캐스트 진행자,@4realonair,3134,https://www.tiktok.com/@4realonair
TikTok,Korean,Street Interview,거리 인터뷰,@tgdhjccdjd,11700,https://www.tiktok.com/@tgdhjccdjd
TikTok,Spanish,AI Content,Videos IA,@videosia7,741500,https://www.tiktok.com/@videosia7
TikTok,Spanish,AI Content,Videos con IA para publicidad,@creador_con_ia,353900,https://www.tiktok.com/@creador_con_ia
TikTok,Spanish,AI Content,historias De ia,@historiasdeiavenezolanas,254900,https://www.tiktok.com/@historiasdeiavenezolanas
TikTok,Spanish,AI Content,ia_Djumy😈,@ia_creation_videos,239500,https://www.tiktok.com/@ia_creation_videos
TikTok,Spanish,AI Content,VIDEOS_IA,@dalva_ia,214400,https://www.tiktok.com/@dalva_ia
TikTok,Spanish,AI Content,Mundo HISTORIAS de IA!,@buildingvalues6,156400,https://www.tiktok.com/@buildingvalues6
TikTok,Spanish,AI Content,Videos.IA,@videos.ia.lista,149700,https://www.tiktok.com/@videos.ia.lista
TikTok,Spanish,AI Content,ASMR.iavideo,@gloupsfr,138000,https://www.tiktok.com/@gloupsfr
TikTok,Spanish,AI Content,El Historiador IA de America,@elhistoriadoriadeamerica,137600,https://www.tiktok.com/@elhistoriadoriadeamerica
TikTok,Spanish,AI Content,IA Videos,@objetos_ia,127300,https://www.tiktok.com/@objetos_ia
TikTok,Spanish,AI Content,Historias IA,@rojasmadrid_0,124800,https://www.tiktok.com/@rojasmadrid_0
TikTok,Spanish,AI Content,Historias IA,@historia.ia.santiago,97800,https://www.tiktok.com/@historia.ia.santiago
TikTok,Spanish,AI Content,Historias IA,@historias.ia220,93600,https://www.tiktok.com/@historias.ia220
TikTok,Spanish,AI Content,Historias IA,@historiasia83,85100,https://www.tiktok.com/@historiasia83
TikTok,Spanish,AI Content,IA.VideosRelax,@ia.videosrelax,75600,https://www.tiktok.com/@ia.videosrelax
TikTok,Spanish,AI Content,Historias-IA,@historiasparaia,68900,https://www.tiktok.com/@historiasparaia
TikTok,Spanish,AI Content,Historias IA,@historias.ai,62700,https://www.tiktok.com/@historias.ai
TikTok,Spanish,AI Content,VIDEOS CON IA,@videosconia20,59000,https://www.tiktok.com/@videosconia20
TikTok,Spanish,AI Content,Videos Divertidos de IA😂,@iaoficialvideos,56300,https://www.tiktok.com/@iaoficialvideos
TikTok,Spanish,AI Content,animaciones,@animacion612ia,46300,https://www.tiktok.com/@animacion612ia
TikTok,Spanish,AI Content,-Dani-,@animaciones.ia7,44800,https://www.tiktok.com/@animaciones.ia7
TikTok,Spanish,AI Content,HISTORIAS IA,@the_historias_ia,41300,https://www.tiktok.com/@the_historias_ia
TikTok,Spanish,AI Content,HISTORIAS IA📚,@historias.ia188,40200,https://www.tiktok.com/@historias.ia188
TikTok,Spanish,AI Content,Anima IA,@anima_ia11,38400,https://www.tiktok.com/@anima_ia11
TikTok,Spanish,AI Content,Historias IA,@rick.historias.ia,36900,https://www.tiktok.com/@rick.historias.ia
TikTok,Spanish,AI Content,Animania Oficial,@.animania.oficial,32900,https://www.tiktok.com/@.animania.oficial
TikTok,Spanish,AI Content,historiasia01,@historiasia01,28400,https://www.tiktok.com/@historiasia01
TikTok,Spanish,AI Content,Luis AnimaciónIA,@luisanimacionia,27500,https://www.tiktok.com/@luisanimacionia
TikTok,Spanish,AI Content,Videos_IA,@videos_iax,21800,https://www.tiktok.com/@videos_iax
TikTok,Spanish,AI Content,HistoriasIA,@historiasia244,18900,https://www.tiktok.com/@historiasia244
TikTok,Spanish,AI Content,Animaciones IA tu lobo_82,@tulobo_82,18700,https://www.tiktok.com/@tulobo_82
TikTok,Spanish,AI Content,HISTORIAS ia,@historias.de.ia29,16400,https://www.tiktok.com/@historias.de.ia29
TikTok,Spanish,AI Content,HISTORIAS IA,@ia.sem.limitess,15200,https://www.tiktok.com/@ia.sem.limitess
TikTok,Spanish,AI Content,HistoriasIA,@zona.historias.ia,10600,https://www.tiktok.com/@zona.historias.ia
TikTok,Spanish,AI Content,VideosIA,@videoshechosconai,9512,https://www.tiktok.com/@videoshechosconai
TikTok,Spanish,AI Content,toonanimacionia,@toonanimacionia,7905,https://www.tiktok.com/@toonanimacionia
TikTok,Spanish,AI Content,VideosIA,@videosias25,7010,https://www.tiktok.com/@videosias25
TikTok,Spanish,AI Content,videosIA,@videosia606,6311,https://www.tiktok.com/@videosia606
TikTok,Spanish,AI Content,AnimaDanceIA,@animadanceia,5936,https://www.tiktok.com/@animadanceia
TikTok,Spanish,AI Content,AnimationIA,@animation98ia,5485,https://www.tiktok.com/@animation98ia
TikTok,Spanish,AI Content,Animación 3d IA,@3d_animacion,4611,https://www.tiktok.com/@3d_animacion
TikTok,Spanish,AI Content,HistoriasIA,@memesiaaa,4508,https://www.tiktok.com/@memesiaaa
TikTok,Spanish,AI Content,animauzumaki_ia,@animauzumaki_ia,4293,https://www.tiktok.com/@animauzumaki_ia
TikTok,Spanish,AI Content,historias IA,@historias.ia.bing,3918,https://www.tiktok.com/@historias.ia.bing
TikTok,Spanish,AI Content,anima_ia.magic,@anima_ia.magic,3608,https://www.tiktok.com/@anima_ia.magic
TikTok,Spanish,AI Content,Cofrademán IA | Animación,@iacofrademan,3128,https://www.tiktok.com/@iacofrademan
TikTok,Spanish,AI Content,Historias IA,@historiasia52,3054,https://www.tiktok.com/@historiasia52
TikTok,Spanish,AI Content,historia.ia,@historia.ia75,3026,https://www.tiktok.com/@historia.ia75
TikTok,Spanish,AI Content,HISTORIASIA,@historiasiaentretencion,2904,https://www.tiktok.com/@historiasiaentretencion
TikTok,Spanish,AI Content,Anima IA,@anima.ia7,2686,https://www.tiktok.com/@anima.ia7
TikTok,Spanish,AI Content,Historias IA,@historiasia69,2608,https://www.tiktok.com/@historiasia69
TikTok,Spanish,AI Content,Anima_IA,@anima_ia,2367,https://www.tiktok.com/@anima_ia
TikTok,Spanish,Animation,Dan Dibujos,@tusdibujosanimados,659800,https://www.tiktok.com/@tusdibujosanimados
TikTok,Spanish,Animation,dibujos animados,@infosdaily,132500,https://www.tiktok.com/@infosdaily
TikTok,Spanish,Animation,Animación Express,@mjooeitk,124000,https://www.tiktok.com/@mjooeitk
TikTok,Spanish,Animation,retrodibujosanimados,@retrodibujosanimados,105100,https://www.tiktok.com/@retrodibujosanimados
TikTok,Spanish,Animation,dibujos animados del ayer,@alejandrovilches93,104600,https://www.tiktok.com/@alejandrovilches93
TikTok,Spanish,Animation,Animación DE,@wonjaefanj,81500,https://www.tiktok.com/@wonjaefanj
TikTok,Spanish,Animation,dibujos animados del ayery hoy,@caricaturasdel_ayeryhoy,79800,https://www.tiktok.com/@caricaturasdel_ayeryhoy
TikTok,Spanish,Animation,DIBUJOS ANIMADOS,@dibujos_animados400,55400,https://www.tiktok.com/@dibujos_animados400
TikTok,Spanish,Animation,Animación JKK,@zuletajabson,47800,https://www.tiktok.com/@zuletajabson
TikTok,Spanish,Animation,Dibujos Animados JB,@dibujosanimadosjb,45800,https://www.tiktok.com/@dibujosanimadosjb
TikTok,Spanish,Animation,animación,@animacin956,34500,https://www.tiktok.com/@animacin956
TikTok,Spanish,Animation,🎵Canciones dibujos animados🎵,@canciones_dibujostv,32800,https://www.tiktok.com/@canciones_dibujostv
TikTok,Spanish,Animation,DibujosAnimados80's,@dibujosanimados800,30000,https://www.tiktok.com/@dibujosanimados800
TikTok,Spanish,Animation,DIBUJOS ANIMADOS DEL PASADO🐻,@nueva.luz5,29600,https://www.tiktok.com/@nueva.luz5
TikTok,Spanish,Animation,DibujosAnimados,@cartoon.world10,28500,https://www.tiktok.com/@cartoon.world10
TikTok,Spanish,Animation,anImaci0n,@..animaci0n,26300,https://www.tiktok.com/@..animaci0n
TikTok,Spanish,Animation,Dibujos animados,@dibuslatam,21900,https://www.tiktok.com/@dibuslatam
TikTok,Spanish,Animation,Animaci,@animaci97,18100,https://www.tiktok.com/@animaci97
TikTok,Spanish,Animation,Dibujos animados para niños 🐣,@dibujosanimados06,16600,https://www.tiktok.com/@dibujosanimados06
TikTok,Spanish,Animation,dibujos animados,@_jian.4,15400,https://www.tiktok.com/@_jian.4
TikTok,Spanish,Animation,Animación,@animacin13,14800,https://www.tiktok.com/@animacin13
TikTok,Spanish,Animation,"Misterios, dibujos animados &+",@misteriosanimadosymas150,11800,https://www.tiktok.com/@misteriosanimadosymas150
TikTok,Spanish,Animation,Dibujos animados/ kids,@novedades_7,11700,https://www.tiktok.com/@novedades_7
TikTok,Spanish,Animation,DIBUJOS ANIMADOS,@vickymr78,11600,https://www.tiktok.com/@vickymr78
TikTok,Spanish,Animation,DibujosAnimados90sY20s,@dibujosanimados90sy20s,11300,https://www.tiktok.com/@dibujosanimados90sy20s
TikTok,Spanish,Animation,️PELÍCULAS Y DIBUJOS ANIMADOS,@dibujos_animados_20,11000,https://www.tiktok.com/@dibujos_animados_20
TikTok,Spanish,Animation,Dibujos animados,@dibujos.animados692,10500,https://www.tiktok.com/@dibujos.animados692
TikTok,Spanish,Animation,dibujos animados,@dibujos.animados.tv1,9529,https://www.tiktok.com/@dibujos.animados.tv1
TikTok,Spanish,Animation,Dibujos y anime,@dibujos.animados779,9101,https://www.tiktok.com/@dibujos.animados779
TikTok,Spanish,Animation,𝐀𝐧𝐢𝐦𝐚𝐜𝐢,@animaci444,8054,https://www.tiktok.com/@animaci444
TikTok,Spanish,Animation,Dibujosanimados,@dibujosanimados57,7531,https://www.tiktok.com/@dibujosanimados57
TikTok,Spanish,Animation,Dibujos animados,@nostalgia_197o,7291,https://www.tiktok.com/@nostalgia_197o
TikTok,Spanish,Animation,Dibujitos Animados,@dibujitos_animados1,7163,https://www.tiktok.com/@dibujitos_animados1
TikTok,Spanish,Animation,dibujos animados 💖,@dibujos.animados978,6792,https://www.tiktok.com/@dibujos.animados978
TikTok,Spanish,Animation,dibujos animados,@waramhzgi9d,6446,https://www.tiktok.com/@waramhzgi9d
TikTok,Spanish,Animation,Dibujos Animados,@candycandy12,6338,https://www.tiktok.com/@candycandy12
TikTok,Spanish,Animation,DibujosAnimados,@masquedibus,5750,https://www.tiktok.com/@masquedibus
TikTok,Spanish,Animation,Freestyle Animación,@freestyle.animaci,5560,https://www.tiktok.com/@freestyle.animaci
TikTok,Spanish,Animation,Dibujos Animados,@movedcartoons,4377,https://www.tiktok.com/@movedcartoons
TikTok,Spanish,Animation,dibujos animados,@dibujosanimadosydoramas,4257,https://www.tiktok.com/@dibujosanimadosydoramas
TikTok,Spanish,Animation,Animación,@historia.de.las.f4,2633,https://www.tiktok.com/@historia.de.las.f4
TikTok,Spanish,Animation,Dibujos-animados-divertidos!,@yenifera26,2516,https://www.tiktok.com/@yenifera26
TikTok,Spanish,Animation,Dibujos animados 503,@dibujosanimados317,2363,https://www.tiktok.com/@dibujosanimados317
TikTok,Spanish,Animation,Dibujos Animados Es,@dibujosanimadoses,2205,https://www.tiktok.com/@dibujosanimadoses
TikTok,Spanish,Animation,Animación,@jotaceptido,2097,https://www.tiktok.com/@jotaceptido
TikTok,Spanish,Channeling,✟𝙻𝚊𝚜 𝙸𝚋𝚎𝚢𝚒𝚜𓁹,@conexion_espiritual,57200,https://www.tiktok.com/@conexion_espiritual
TikTok,Spanish,Channeling,centro espiritual,@centroespiritualdeluz__,40100,https://www.tiktok.com/@centroespiritualdeluz__
TikTok,Spanish,Channeling,Escuchaatuangel/canalizacion,@angeologamedium,37000,https://www.tiktok.com/@angeologamedium
TikTok,Spanish,Channeling,Casa Espiritual,@casa_espiritual670,28100,https://www.tiktok.com/@casa_espiritual670
TikTok,Spanish,Channeling,Canal Fé Espiritual,@canal.fe.espiritual,26600,https://www.tiktok.com/@canal.fe.espiritual
TikTok,Spanish,Channeling,@canalverdeluzespiritual,@canalverdeluzespiritual,18400,https://www.tiktok.com/@canalverdeluzespiritual
TikTok,Spanish,Channeling,Shirly sanacion espiritual,@shirlysanacionespiritual,16100,https://www.tiktok.com/@shirlysanacionespiritual
TikTok,Spanish,Channeling,canalespiritual_,@canalespiritual_,11900,https://www.tiktok.com/@canalespiritual_
TikTok,Spanish,Channeling,Elizabeth Curandera Oficial,@canalizacion.espiritual,11300,https://www.tiktok.com/@canalizacion.espiritual
TikTok,Spanish,Channeling,Tarot y Canalización,@larevoluciondelalma,8540,https://www.tiktok.com/@larevoluciondelalma
TikTok,Spanish,Channeling,paloma tarot canalización,@la.abu.tiktoker_,8490,https://www.tiktok.com/@la.abu.tiktoker_
TikTok,Spanish,Channeling,Canalmisticoespiritual,@canalmisticoespiritual,6803,https://www.tiktok.com/@canalmisticoespiritual
TikTok,Spanish,Channeling,Taís Matiola D’Oxum 🍯🐝,@canalespiritual,5139,https://www.tiktok.com/@canalespiritual
TikTok,Spanish,Channeling,sanacion espiritual y física,@guillermosaavedramoran64,5132,https://www.tiktok.com/@guillermosaavedramoran64
TikTok,Spanish,Channeling,canalización,@medium.sanacion13,4585,https://www.tiktok.com/@medium.sanacion13
TikTok,Spanish,Channeling,☽ Tarot y canalización,@tarotmisticismo,3903,https://www.tiktok.com/@tarotmisticismo
TikTok,Spanish,Channeling,Canalizaciónes Luz y sol tarot,@tarotluzysolsandra,3040,https://www.tiktok.com/@tarotluzysolsandra
TikTok,Spanish,Channeling,CANALIZACIÓN ENERGÉTICA 🧎‍♀️,@canalizacion_energetica3,3003,https://www.tiktok.com/@canalizacion_energetica3
TikTok,Spanish,Channeling,Joha_Canaliza16,@canalizacionangelical16,2309,https://www.tiktok.com/@canalizacionangelical16
TikTok,Spanish,Channeling,🪬Canalizadora espiritual 🪬,@canalizadoracristal,2104,https://www.tiktok.com/@canalizadoracristal
TikTok,Spanish,Channeling,Centro Espiritual,@c.espiritual,2061,https://www.tiktok.com/@c.espiritual
TikTok,Spanish,Family Stories,Aran y rosme,@familia.de.las.casas,473100,https://www.tiktok.com/@familia.de.las.casas
TikTok,Spanish,Family Stories,IG: humor de familia,@rie_y_vive,274500,https://www.tiktok.com/@rie_y_vive
TikTok,Spanish,Family Stories,Historias.Familia.Recocha,@historiasfamiliarecochaa,179300,https://www.tiktok.com/@historiasfamiliarecochaa
TikTok,Spanish,Family Stories,Diana y su familia,@dianaysufamiliade6,127300,https://www.tiktok.com/@dianaysufamiliade6
TikTok,Spanish,Family Stories,LINDA Y YOVANI DRAMA,@historiadefamiliaa,33100,https://www.tiktok.com/@historiadefamiliaa
TikTok,Spanish,Family Stories,historiademifamiliajb,@historiademifamiliajb,5670,https://www.tiktok.com/@historiademifamiliajb
TikTok,Spanish,Funny Videos,Ricitas 😅,@videosgraciosos363,413500,https://www.tiktok.com/@videosgraciosos363
TikTok,Spanish,Funny Videos,Videos graciosos 2024,@videos_graciosos_2024,387600,https://www.tiktok.com/@videos_graciosos_2024
TikTok,Spanish,Funny Videos,😂Vídeos Graciosos😂,@_.videos.graciosos._,175000,https://www.tiktok.com/@_.videos.graciosos._
TikTok,Spanish,Funny Videos,Videosgraciosos__2023,@videosgraciosos__2023,163300,https://www.tiktok.com/@videosgraciosos__2023
TikTok,Spanish,Funny Videos,✌🏼TOÑO Y SU MAMÁ✌🏼,@videos.graciosos048,128199,https://www.tiktok.com/@videos.graciosos048
TikTok,Spanish,Funny Videos,videos graciosos,@videos_graciosos390,118800,https://www.tiktok.com/@videos_graciosos390
TikTok,Spanish,Funny Videos,ARGENTINA ⭐⭐⭐,@tiziano_videos_graciosos,91900,https://www.tiktok.com/@tiziano_videos_graciosos
TikTok,Spanish,Funny Videos,videosgraciosos👻,@videosgraci8,75300,https://www.tiktok.com/@videosgraci8
TikTok,Spanish,Funny Videos,Milan oznua,@videosgraciosos998,68800,https://www.tiktok.com/@videosgraciosos998
TikTok,Spanish,Funny Videos,Videos graciosos,@yonnixproductortv,38700,https://www.tiktok.com/@yonnixproductortv
TikTok,Spanish,Funny Videos,videos . de . risa,@...videos....graciosos.2,36700,https://www.tiktok.com/@...videos....graciosos.2
TikTok,Spanish,Funny Videos,Yayo Videos Graciosos,@yayo.videos.graciosos,26700,https://www.tiktok.com/@yayo.videos.graciosos
TikTok,Spanish,Funny Videos,videos graciosos,@gracioso30,21700,https://www.tiktok.com/@gracioso30
TikTok,Spanish,Funny Videos,Meme’s,@_videos_graciosos7,21500,https://www.tiktok.com/@_videos_graciosos7
TikTok,Spanish,Funny Videos,videosgraciosos426,@videosgraciosos426,15100,https://www.tiktok.com/@videosgraciosos426
TikTok,Spanish,Funny Videos,user29151173097,@videos_graciosos090,9994,https://www.tiktok.com/@videos_graciosos090
TikTok,Spanish,Funny Videos,videos graciosos y más,@atiliodirupo,8196,https://www.tiktok.com/@atiliodirupo
TikTok,Spanish,Funny Videos,Videos__graciosos_,@videos__graciosos_,7783,https://www.tiktok.com/@videos__graciosos_
TikTok,Spanish,Funny Videos,videosbonitos,@videosgraciosossubidos,7041,https://www.tiktok.com/@videosgraciosossubidos
TikTok,Spanish,Funny Videos,Vídeos graciosos y memes,@funnyvideos_espanol,4638,https://www.tiktok.com/@funnyvideos_espanol
TikTok,Spanish,Funny Videos,user09687991164,@videosgraciososs2023,4219,https://www.tiktok.com/@videosgraciososs2023
TikTok,Spanish,Funny Videos,Videos graciosos,@videosgraciosos350,3839,https://www.tiktok.com/@videosgraciosos350
TikTok,Spanish,Funny Videos,Videos de risa,@videosgraciosos1010,3711,https://www.tiktok.com/@videosgraciosos1010
TikTok,Spanish,Funny Videos,Videos graciosos,@videos.graciosos781,3396,https://www.tiktok.com/@videos.graciosos781
TikTok,Spanish,Funny Videos,HUMOR Y VIDEOS GRACIOSOS,@angelvazquez0046,3195,https://www.tiktok.com/@angelvazquez0046
TikTok,Spanish,Funny Videos,Videos graciosos,@vidgraciozoz,3157,https://www.tiktok.com/@vidgraciozoz
TikTok,Spanish,Funny Videos,VIDEOS GRACIOSOS LOKITAAAAS 🤣,@zonahumor69,2630,https://www.tiktok.com/@zonahumor69
TikTok,Spanish,Funny Videos,El🔝💵💸,@viralvideosgraciosos,2603,https://www.tiktok.com/@viralvideosgraciosos
TikTok,Spanish,Funny Videos,Videos Raros y Graciosos?,@videosraros.es,2266,https://www.tiktok.com/@videosraros.es
TikTok,Spanish,Funny Videos,videos graciosos,@videosgraciosos1991,2263,https://www.tiktok.com/@videosgraciosos1991
TikTok,Spanish,Funny Videos,Videos graciosos,@tiktock656,2220,https://www.tiktok.com/@tiktock656
TikTok,Spanish,Funny Videos,Videos graciosos de animales,@perros_graciososxd,2194,https://www.tiktok.com/@perros_graciososxd
TikTok,Spanish,Funny Videos,Videos graciosos,@slimesyvideos123456,2169,https://www.tiktok.com/@slimesyvideos123456
TikTok,Spanish,Kids,Canciones infantiles,@cancione.infantiles,703000,https://www.tiktok.com/@cancione.infantiles
TikTok,Spanish,Kids,videos infantiles para niños😊,@videos_infantiles82,561900,https://www.tiktok.com/@videos_infantiles82
TikTok,Spanish,Kids,Videos para niños infantiles,@lola.videosinfantiles,418600,https://www.tiktok.com/@lola.videosinfantiles
TikTok,Spanish,Kids,TV Para Niños,@leoelcamion,395200,https://www.tiktok.com/@leoelcamion
TikTok,Spanish,Kids,Toddlers Toys,@toddlers.toys9,367700,https://www.tiktok.com/@toddlers.toys9
TikTok,Spanish,Kids,Canciones bebes,@cancionesbebes,344700,https://www.tiktok.com/@cancionesbebes
TikTok,Spanish,Kids,Canciones Infantiles,@cocomellon_9,160100,https://www.tiktok.com/@cocomellon_9
TikTok,Spanish,Kids,Videos para niños,@videoskidsslime,127400,https://www.tiktok.com/@videoskidsslime
TikTok,Spanish,Kids,Canciones Infantiles,@elpollitop10,63400,https://www.tiktok.com/@elpollitop10
TikTok,Spanish,Kids,Cuquín - Canciones infantiles,@cuquin_musica,60300,https://www.tiktok.com/@cuquin_musica
TikTok,Spanish,Kids,videos para niños 🐤🧸,@videos.para.nios,56000,https://www.tiktok.com/@videos.para.nios
TikTok,Spanish,Kids,Mini Canciones Infantiles,@mini.canciones.infantil,50100,https://www.tiktok.com/@mini.canciones.infantil
TikTok,Spanish,Kids,cancionesinfantiles01,@cancionesinfantiles01,41600,https://www.tiktok.com/@cancionesinfantiles01
TikTok,Spanish,Kids,DibujosyCancionesinfantiles,@dibujoscancionesinfantil,38900,https://www.tiktok.com/@dibujoscancionesinfantil
TikTok,Spanish,Kids,canciones infantiles,@pequescanciones,33200,https://www.tiktok.com/@pequescanciones
TikTok,Spanish,Kids,Cuentos para niños,@cuentosinfantilescortos_,33000,https://www.tiktok.com/@cuentosinfantilescortos_
TikTok,Spanish,Kids,Videos para niños Miniclips.tv,@miniclips.tv,32200,https://www.tiktok.com/@miniclips.tv
TikTok,Spanish,Kids,ESTIMULACIÓN PARA BEBES Y NIÑO,@actividades.200.bebes,29600,https://www.tiktok.com/@actividades.200.bebes
TikTok,Spanish,Kids,🐓animacion kids,@cancionesinfantiles02,29200,https://www.tiktok.com/@cancionesinfantiles02
TikTok,Spanish,Kids,vídeos para niños 🏙️🌃 kids,@mundoinfantil1325,20000,https://www.tiktok.com/@mundoinfantil1325
TikTok,Spanish,Kids,🤩Videos para niños🥰,@videos.infantiles.5,18500,https://www.tiktok.com/@videos.infantiles.5
TikTok,Spanish,Kids,videos infantiles para niños,@videos.infantiles59,17800,https://www.tiktok.com/@videos.infantiles59
TikTok,Spanish,Kids,videos PARA NIÑOS,@videosninos,15300,https://www.tiktok.com/@videosninos
TikTok,Spanish,Kids,canciones infantiles y otras.,@infantileslolin2025,15200,https://www.tiktok.com/@infantileslolin2025
TikTok,Spanish,Kids,videos de niños educativos,@videos.de.nios.ed,15000,https://www.tiktok.com/@videos.de.nios.ed
TikTok,Spanish,Kids,user84467582763,@videos.infantiles87,13600,https://www.tiktok.com/@videos.infantiles87
TikTok,Spanish,Kids,Canciones Infantiles,@cancionesinfantiles123,12300,https://www.tiktok.com/@cancionesinfantiles123
TikTok,Spanish,Kids,Canciones Infantiles,@hin40074aiz,12100,https://www.tiktok.com/@hin40074aiz
TikTok,Spanish,Kids,videosparabebes,@videosparabebes3,12000,https://www.tiktok.com/@videosparabebes3
TikTok,Spanish,Kids,Kids-Toy,@sofi.s267,11900,https://www.tiktok.com/@sofi.s267
TikTok,Spanish,Kids,Canciones infantiles,@canciones.infanti15,11600,https://www.tiktok.com/@canciones.infanti15
TikTok,Spanish,Kids,Canciones infantiles,@cancionesinfantilesofii,10400,https://www.tiktok.com/@cancionesinfantilesofii
TikTok,Spanish,Kids,solarkids_showinfantil,@solarkids_showinfantil,9187,https://www.tiktok.com/@solarkids_showinfantil
TikTok,Spanish,Kids,BabyBus - Canciones Infantiles,@babybusvideo,8560,https://www.tiktok.com/@babybusvideo
TikTok,Spanish,Kids,Videos para niños,@videos.para.ninos,7541,https://www.tiktok.com/@videos.para.ninos
TikTok,Spanish,Kids,Canciones Infantiles,@cancionesinfantiles.es,7489,https://www.tiktok.com/@cancionesinfantiles.es
TikTok,Spanish,Kids,Videos para niños ❤,@luna_estrella444,6782,https://www.tiktok.com/@luna_estrella444
TikTok,Spanish,Kids,Videos para niños,@videos.para.nios67,6331,https://www.tiktok.com/@videos.para.nios67
TikTok,Spanish,Kids,Canciones infantiles,@alexa.1_15,5802,https://www.tiktok.com/@alexa.1_15
TikTok,Spanish,Kids,videos infantiles para niños,@videos.infantiles60,5276,https://www.tiktok.com/@videos.infantiles60
TikTok,Spanish,Kids,canciones y dibujos infantile,@cancionesinfantiles1312,4765,https://www.tiktok.com/@cancionesinfantiles1312
TikTok,Spanish,Kids,✨💫Canciones infantiles 💫 ✨,@videosinfantiles28,4627,https://www.tiktok.com/@videosinfantiles28
TikTok,Spanish,Kids,canciones infantiles bebesitos,@pequenalu.2026_.08,4140,https://www.tiktok.com/@pequenalu.2026_.08
TikTok,Spanish,Kids,Creaciones Infantiles,@creaciones_infantiles,3155,https://www.tiktok.com/@creaciones_infantiles
TikTok,Spanish,Kids,videosparaniños,@videosparaninos,2891,https://www.tiktok.com/@videosparaninos
TikTok,Spanish,Kids,Para niños,@videojuegos0423,2884,https://www.tiktok.com/@videojuegos0423
TikTok,Spanish,Kids,VIDEOS EDUCATIVOS PARA NIÑOS,@videoslindos225,2572,https://www.tiktok.com/@videoslindos225
TikTok,Spanish,Kids,canciones infantiles,@cancioneparabebes,2477,https://www.tiktok.com/@cancioneparabebes
TikTok,Spanish,Kids,📚💚CancionesInfantiles🍀❤️,@mundohermoso49,2340,https://www.tiktok.com/@mundohermoso49
TikTok,Spanish,Kids,videos para niños,@leoysusamigos5,2133,https://www.tiktok.com/@leoysusamigos5
TikTok,Spanish,Kids,Videos para niños,@cocoyreyno,2027,https://www.tiktok.com/@cocoyreyno
TikTok,Spanish,Kids,cancionesinfantiles001,@canciones_infantiles001,2026,https://www.tiktok.com/@canciones_infantiles001
TikTok,Spanish,Podcast,podcast,@spanishpodcast2,846600,https://www.tiktok.com/@spanishpodcast2
TikTok,Spanish,Podcast,Podcast,@trechospodcasts_,356500,https://www.tiktok.com/@trechospodcasts_
TikTok,Spanish,Podcast,Podcast,@podcast11223,149200,https://www.tiktok.com/@podcast11223
TikTok,Spanish,Podcast,Podcasts clip,@podcast_clip37,77100,https://www.tiktok.com/@podcast_clip37
TikTok,Spanish,Podcast,Podcast videos,@podcastvideos41,74200,https://www.tiktok.com/@podcastvideos41
TikTok,Spanish,Podcast,Podcast clips,@podcastclips0314,25800,https://www.tiktok.com/@podcastclips0314
TikTok,Spanish,Podcast,Podcast clips,@shxtsngigs_reacts_fans,25000,https://www.tiktok.com/@shxtsngigs_reacts_fans
TikTok,Spanish,Podcast,"Podcast, el podcast",@podcastelpodcast,21300,https://www.tiktok.com/@podcastelpodcast
TikTok,Spanish,Podcast,Podcast Clips,@podcast_fanedits,18100,https://www.tiktok.com/@podcast_fanedits
TikTok,Spanish,Podcast,Podcast_Español,@paginadefansde_erika,12000,https://www.tiktok.com/@paginadefansde_erika
TikTok,Spanish,Podcast,podcastenespañol,@podcastespanol,9938,https://www.tiktok.com/@podcastespanol
TikTok,Spanish,Podcast,Clips podcast españa🎬,@clips.podcast.esp0,6910,https://www.tiktok.com/@clips.podcast.esp0
TikTok,Spanish,Podcast,Aranzamendi Podcast - Español,@aranzapodcast,2978,https://www.tiktok.com/@aranzapodcast
TikTok,Spanish,Podcast,El Sueño Español | PODCAST,@elsuenoespanol,2577,https://www.tiktok.com/@elsuenoespanol
TikTok,Spanish,Podcast,Podcast En Español,@podcast.en.espaol,2135,https://www.tiktok.com/@podcast.en.espaol
TikTok,Spanish,Street Interview,La calle opina,@lacalleopinacontenido,208900,https://www.tiktok.com/@lacalleopinacontenido
TikTok,Spanish,Street Interview,ENTREVISTA TUMBERA 🧢,@entrevistatumberaa,154900,https://www.tiktok.com/@entrevistatumberaa
TikTok,Spanish,Street Interview,Entrevista Tumbera,@entrevistatumbera,150900,https://www.tiktok.com/@entrevistatumbera
TikTok,Spanish,Street Interview,Noticias On Fire,@entrevistasonfire,149700,https://www.tiktok.com/@entrevistasonfire
TikTok,Spanish,Street Interview,Entrevistas Clips,@entrevistasclips,146200,https://www.tiktok.com/@entrevistasclips
TikTok,Spanish,Street Interview,Entrevistas Callejeras🥏,@2030090208m,120700,https://www.tiktok.com/@2030090208m
TikTok,Spanish,Street Interview,Entrevistas Tok,@entrevistastok,105800,https://www.tiktok.com/@entrevistastok
TikTok,Spanish,Street Interview,Entrevista Viral🥏,@0918020830a,104200,https://www.tiktok.com/@0918020830a
TikTok,Spanish,Street Interview,El Show de la Calle,@elshowdelacalle,103400,https://www.tiktok.com/@elshowdelacalle
TikTok,Spanish,Street Interview,ENTREVISTA TUMBERA 🧢,@entrevistatumberas,91600,https://www.tiktok.com/@entrevistatumberas
TikTok,Spanish,Street Interview,÷Vistas,@entrevistas_peru,76000,https://www.tiktok.com/@entrevistas_peru
TikTok,Spanish,Street Interview,vela Caro,@entrevistasymas21,74700,https://www.tiktok.com/@entrevistasymas21
TikTok,Spanish,Street Interview,PODCLIPS ☑️,@entrevistados0,65000,https://www.tiktok.com/@entrevistados0
TikTok,Spanish,Street Interview,PARRIA TV EN LA CALLE,@parria.tv,62400,https://www.tiktok.com/@parria.tv
TikTok,Spanish,Street Interview,EntrevistandoteTV☑️,@entrevistandotetv,46800,https://www.tiktok.com/@entrevistandotetv
TikTok,Spanish,Street Interview,user58050302719,@entrevistas.meaculpa1,42800,https://www.tiktok.com/@entrevistas.meaculpa1
TikTok,Spanish,Street Interview,FAMOSOS EN LA CALLE,@famososenlacalle,37300,https://www.tiktok.com/@famososenlacalle
TikTok,Spanish,Street Interview,Voces de la Calle,@vocesdelacalle6,36800,https://www.tiktok.com/@vocesdelacalle6
TikTok,Spanish,Street Interview,La Entrevista,@la.entrevista5,33600,https://www.tiktok.com/@la.entrevista5
TikTok,Spanish,Street Interview,Siempre En La Entrevista,@siempreenlaentrevista,4560,https://www.tiktok.com/@siempreenlaentrevista
TikTok,Spanish,Street Interview,en la calle,@extasisenlacalle,4096,https://www.tiktok.com/@extasisenlacalle
TikTok,Spanish,Street Interview,Entrevistas Exclusivas de 🇭🇳,@entrevista03,2842,https://www.tiktok.com/@entrevista03
Instagram,English,3D Animated,3d Animation,@knowledge3dart,816000,https://www.instagram.com/knowledge3dart/
Instagram,English,3D Animated,3D animated videos,@_luxury_3d_house,415000,https://www.instagram.com/_luxury_3d_house/
Instagram,English,3D Animated,"2,3D animation stories",@3d_animation_storis,21200,https://www.instagram.com/3d_animation_storis/
Instagram,English,3D Animated,Ai ✨,@3d_animation.1m,17800,https://www.instagram.com/3d_animation.1m/
Instagram,English,3D Animated,3D animation,@3d_animation__4,17700,https://www.instagram.com/3d_animation__4/
Instagram,English,3D Animated,,@3danimation217,17400,https://www.instagram.com/3danimation217/
Instagram,English,3D Animated,Animation Stories,@desitoon.3d,16300,https://www.instagram.com/desitoon.3d/
Instagram,English,3D Animated,Maya AI Stories   3D Animation,@asm.creates,15800,https://www.instagram.com/asm.creates/
Instagram,English,3D Animated,3dc.artoons,@3dc.artoons,13000,https://www.instagram.com/3dc.artoons/
Instagram,English,3D Animated,Abhishek kumar,@3dcartoon.aii,10100,https://www.instagram.com/3dcartoon.aii/
Instagram,English,3D Animated,3D Animation Stories,@navi0_98765,9890,https://www.instagram.com/navi0_98765/
Instagram,English,3D Animated,Cozy World Diaries AI   Pixar-Style Stories,@cozyworlddiaries_ai,9143,https://www.instagram.com/cozyworlddiaries_ai/
Instagram,English,3D Animated,AVAI   Pixar-Style Animation,@avai.studio,8782,https://www.instagram.com/avai.studio/
Instagram,English,3D Animated,3D Cartoon 😎,@3d_cartoon_36_,8062,https://www.instagram.com/3d_cartoon_36_/
Instagram,English,3D Animated,Pixar Style Animator,@lovestory_0138,7358,https://www.instagram.com/lovestory_0138/
Instagram,English,3D Animated,Scott Marczewski,@3d.animated,6724,https://www.instagram.com/3d.animated/
Instagram,English,3D Animated,AI 3D Animation Stories,@ai_world.36703565,6380,https://www.instagram.com/ai_world.36703565/
Instagram,English,3D Animated,3d cartoon magic,@3d_cartoonmagic,5802,https://www.instagram.com/3d_cartoonmagic/
Instagram,English,3D Animated,Funny Stories 3d😂,@8d.animated.films,5748,https://www.instagram.com/8d.animated.films/
Instagram,English,3D Animated,3d animation,@3d_animation_344,5666,https://www.instagram.com/3d_animation_344/
Instagram,English,3D Animated,HustleBey   3D ANIMATION STORIES,@hustlebey02,4117,https://www.instagram.com/hustlebey02/
Instagram,English,3D Animated,3d animation,@3danimationsurendra1,4005,https://www.instagram.com/3danimationsurendra1/
Instagram,English,3D Animated,ToonWorld 3D   Animation Stories,@toonworld3d_,3891,https://www.instagram.com/toonworld3d_/
Instagram,English,3D Animated,UmarShaikh45,@3d_cartoon_kids,3704,https://www.instagram.com/3d_cartoon_kids/
Instagram,English,3D Animated,addictive 3D animation,@3d.animation5437,2537,https://www.instagram.com/3d.animation5437/
Instagram,English,3D Animated,pixar.story.ai,@pixar_style_stories,2247,https://www.instagram.com/pixar_style_stories/
Instagram,English,AI Content,Ai Baby Funland,@ai_babay_funland,2300000,https://www.instagram.com/ai_babay_funland/
Instagram,English,AI Content,Video Music Awards,@vmas,2000000,https://www.instagram.com/vmas/
Instagram,English,AI Content,The AI Bible,@theaibibleofficial,1300000,https://www.instagram.com/theaibibleofficial/
Instagram,English,AI Content,History AI Films,@histairy_films,908000,https://www.instagram.com/histairy_films/
Instagram,English,AI Content,Making history,@historyvideo.ai,573000,https://www.instagram.com/historyvideo.ai/
Instagram,English,AI Content,History Reborn Ai,@ai.historyreborn,331000,https://www.instagram.com/ai.historyreborn/
Instagram,English,AI Content,Baptiste Crea   AI Art & Vidéo Pop Culture,@creaition99_baptiste,253000,https://www.instagram.com/creaition99_baptiste/
Instagram,English,AI Content,yashwant singh,@ai_cartoon_151,229000,https://www.instagram.com/ai_cartoon_151/
Instagram,English,AI Content,AIVideo.com - Creators,@aivideodotcomcollabs,182000,https://www.instagram.com/aivideodotcomcollabs/
Instagram,English,AI Content,aivideo,@qisqa.ai_,160000,https://www.instagram.com/qisqa.ai_/
Instagram,English,AI Content,RAHUL DIGITAL CREATOR,@ai.video.creator7275,144000,https://www.instagram.com/ai.video.creator7275/
Instagram,English,AI Content,Ai Vali History,@aivalihistory,132000,https://www.instagram.com/aivalihistory/
Instagram,English,AI Content,Ai HISTORY,@aihistoryindia,114000,https://www.instagram.com/aihistoryindia/
Instagram,English,AI Content,Ai animals stories,@aianimals.stories,109000,https://www.instagram.com/aianimals.stories/
Instagram,English,AI Content,Sergey Kabankov   AI Video Creator,@aivideoskool,103000,https://www.instagram.com/aivideoskool/
Instagram,English,AI Content,Fruit AI,@fruitai97,98500,https://www.instagram.com/fruitai97/
Instagram,English,AI Content,AI Video Bootcamp,@aivideobootcamp,95400,https://www.instagram.com/aivideobootcamp/
Instagram,English,AI Content,Ai Bible Verse,@aibibleverse,91700,https://www.instagram.com/aibibleverse/
Instagram,English,AI Content,AI art,@ai_video_studio,73100,https://www.instagram.com/ai_video_studio/
Instagram,English,AI Content,AI Video,@appaivideo,61700,https://www.instagram.com/appaivideo/
Instagram,English,AI Content,Ai Cartoon Videos,@fitoonia,51200,https://www.instagram.com/fitoonia/
Instagram,English,AI Content,Bible AI   Bringing Scripture to Life,@bible_ai_,46000,https://www.instagram.com/bible_ai_/
Instagram,English,AI Content,ai.history77,@ai.history77,43300,https://www.instagram.com/ai.history77/
Instagram,English,AI Content,Ai Cartoon,@ai_cartoon_vlogz,41200,https://www.instagram.com/ai_cartoon_vlogz/
Instagram,English,AI Content,ASOIF AI Art & Video,@fantasymythosguy,34600,https://www.instagram.com/fantasymythosguy/
Instagram,English,AI Content,Ai fruit characters,@fruits.cantalk,32200,https://www.instagram.com/fruits.cantalk/
Instagram,English,AI Content,ai_video,@ai_video__777__,28800,https://www.instagram.com/ai_video__777__/
Instagram,English,AI Content,Ai Baby house,@ai.baby.house,27400,https://www.instagram.com/ai.baby.house/
Instagram,English,AI Content,Storyworld3dd,@ai_cartoon_3dd,27200,https://www.instagram.com/ai_cartoon_3dd/
Instagram,English,AI Content,Cartoon Ai,@cartoon12_ai,26700,https://www.instagram.com/cartoon12_ai/
Instagram,English,AI Content,Ai_Cartoonwali,@ai_cartoonwali,26100,https://www.instagram.com/ai_cartoonwali/
Instagram,English,AI Content,Bible stories AI,@bible_stories_ai__,26100,https://www.instagram.com/bible_stories_ai__/
Instagram,English,AI Content,ai_cartoon_315,@ai_cartoon_3155,26000,https://www.instagram.com/ai_cartoon_3155/
Instagram,English,AI Content,AI Fruit World,@strawbella.ai,25600,https://www.instagram.com/strawbella.ai/
Instagram,English,AI Content,AI history,@aihistory2026,25500,https://www.instagram.com/aihistory2026/
Instagram,English,AI Content,AI History KAZ,@aihistorykaz,21800,https://www.instagram.com/aihistorykaz/
Instagram,English,AI Content,AI Fruit Frenzy,@aifruitfrenzy,21600,https://www.instagram.com/aifruitfrenzy/
Instagram,English,AI Content,👶✨ AI BABY BAK BAK 😂🍼,@_ai_baby_bak_bak_,21300,https://www.instagram.com/_ai_baby_bak_bak_/
Instagram,English,AI Content,Ai_ video 📷📷,@ai_fruit_show,20900,https://www.instagram.com/ai_fruit_show/
Instagram,English,AI Content,Ai Fruit,@ai_fruitbox,18200,https://www.instagram.com/ai_fruitbox/
Instagram,English,AI Content,🌀❗AI GENERATED❗,@crazycut31,17500,https://www.instagram.com/crazycut31/
Instagram,English,AI Content,AI VIDEO ANIMAL,@ai.animal_shayari,14700,https://www.instagram.com/ai.animal_shayari/
Instagram,English,AI Content,Ai videos,@ai_videos._12,14700,https://www.instagram.com/ai_videos._12/
Instagram,English,AI Content,Ai cartoon,@ai.cartoon8660,13700,https://www.instagram.com/ai.cartoon8660/
Instagram,English,AI Content,_ai_video_,@_ai_video_78_,13600,https://www.instagram.com/_ai_video_78_/
Instagram,English,AI Content,Funny AI Videos,@aihistoryvids,13300,https://www.instagram.com/aihistoryvids/
Instagram,English,AI Content,ai fruit videos,@aifruit.universe,12700,https://www.instagram.com/aifruit.universe/
Instagram,English,AI Content,ai__animals__creator,@ai_animals__creator,11900,https://www.instagram.com/ai_animals__creator/
Instagram,English,AI Content,Ai video,@love_story_ai_video88,11200,https://www.instagram.com/love_story_ai_video88/
Instagram,English,AI Content,Ai Fruit Drama,@ai.fruit.drama,10700,https://www.instagram.com/ai.fruit.drama/
Instagram,English,AI Content,Olesya Chernaya   AI music & video,@ochernaya.ai,10100,https://www.instagram.com/ochernaya.ai/
Instagram,English,AI Content,jed🫠,@ai._.cartoon,9117,https://www.instagram.com/ai._.cartoon/
Instagram,English,AI Content,AI baby ❣️,@minime.aibaby,8978,https://www.instagram.com/minime.aibaby/
Instagram,English,AI Content,Ai fruits,@ai_fruit_kathalu,8848,https://www.instagram.com/ai_fruit_kathalu/
Instagram,English,AI Content,aifruit,@ai1_fruit,8793,https://www.instagram.com/ai1_fruit/
Instagram,English,AI Content,ai_video_8021,@ai__video_8020,8734,https://www.instagram.com/ai__video_8020/
Instagram,English,AI Content,HistoryVerse   AI History,@ai.historyverse,8586,https://www.instagram.com/ai.historyverse/
Instagram,English,AI Content,Bible Ai,@aibiblehistory,7450,https://www.instagram.com/aibiblehistory/
Instagram,English,AI Content,Ai history,@ai_history09,6632,https://www.instagram.com/ai_history09/
Instagram,English,AI Content,Ai baby comedy,@little_legends_cr7,5557,https://www.instagram.com/little_legends_cr7/
Instagram,English,AI Content,aianimals,@ai_animals22,5533,https://www.instagram.com/ai_animals22/
Instagram,English,AI Content,AI fruit shorts,@ai_fruit_shorts,5277,https://www.instagram.com/ai_fruit_shorts/
Instagram,English,AI Content,AI BIBLE UNIVERSE,@aibibleuniverse66,5270,https://www.instagram.com/aibibleuniverse66/
Instagram,English,AI Content,Ai Videos,@ai_video_s99,5269,https://www.instagram.com/ai_video_s99/
Instagram,English,AI Content,AI HISTORY,@arako_memory,4712,https://www.instagram.com/arako_memory/
Instagram,English,AI Content,AI Baby Creator,@ai.baby.vikram,4665,https://www.instagram.com/ai.baby.vikram/
Instagram,English,AI Content,IRIS · AI Music Video Star,@iris.maker,4646,https://www.instagram.com/iris.maker/
Instagram,English,AI Content,AI CARTOON,@aicartoon_._,4425,https://www.instagram.com/aicartoon_._/
Instagram,English,AI Content,Ai Baby Vibes,@aibaby.vibes,4169,https://www.instagram.com/aibaby.vibes/
Instagram,English,AI Content,Ai Cartoon �,@aica_rtoon_420,4157,https://www.instagram.com/aica_rtoon_420/
Instagram,English,AI Content,ai baby,@suriyansh2025ai,3798,https://www.instagram.com/suriyansh2025ai/
Instagram,English,AI Content,Ai_animation,@ai_animals_080,3634,https://www.instagram.com/ai_animals_080/
Instagram,English,AI Content,Yuna AI Music Video,@yunaaimusicvideo,3411,https://www.instagram.com/yunaaimusicvideo/
Instagram,English,AI Content,AI Baby World,@aibabyworld38,2905,https://www.instagram.com/aibabyworld38/
Instagram,English,AI Content,Παροικος,@_ai_bible_,2709,https://www.instagram.com/_ai_bible_/
Instagram,English,AI Content,Ai Animal Soul,@ai_animal_soul,2539,https://www.instagram.com/ai_animal_soul/
Instagram,English,AI Content,Ai Music Video 🐐,@switchmanvision,2527,https://www.instagram.com/switchmanvision/
Instagram,English,AI Stories,Islamic Ai Stories,@islamic_ai_stories__,677000,https://www.instagram.com/islamic_ai_stories__/
Instagram,English,AI Stories,,@ai.storya,145000,https://www.instagram.com/ai.storya/
Instagram,English,AI Stories,Saba Sultana,@reelstory.ai07,144000,https://www.instagram.com/reelstory.ai07/
Instagram,English,AI Stories,✨AI Storytelling⭐,@story_.verse16,121000,https://www.instagram.com/story_.verse16/
Instagram,English,AI Stories,Ai stories world,@aistories_world0007,101000,https://www.instagram.com/aistories_world0007/
Instagram,English,AI Stories,,@ai_storywala77,100000,https://www.instagram.com/ai_storywala77/
Instagram,English,AI Stories,AI Mummy Stories🩷,@ai_mummy_stories,97400,https://www.instagram.com/ai_mummy_stories/
Instagram,English,AI Stories,AiStoryTimeandNews,@aistorytimeandnews,96800,https://www.instagram.com/aistorytimeandnews/
Instagram,English,AI Stories,AI Storytelling,@aistory.digital,58400,https://www.instagram.com/aistory.digital/
Instagram,English,AI Stories,Sami.aistories,@sami.aistories,54100,https://www.instagram.com/sami.aistories/
Instagram,English,AI Stories,Rose 💗,@rosey_ai_stories_1920,45500,https://www.instagram.com/rosey_ai_stories_1920/
Instagram,English,AI Stories,Ai_storytelling_0.1,@ai_storytelling_0.1,27500,https://www.instagram.com/ai_storytelling_0.1/
Instagram,English,AI Stories,NA Shaheen,@ai_story_world11,25700,https://www.instagram.com/ai_story_world11/
Instagram,English,AI Stories,Ai Stories,@_ai__storiess___,25500,https://www.instagram.com/_ai__storiess___/
Instagram,English,AI Stories,ai stories,@preet_ai_stories,23400,https://www.instagram.com/preet_ai_stories/
Instagram,English,AI Stories,Kasy Stories   AI Stories & Short Films,@kasy_stories,13600,https://www.instagram.com/kasy_stories/
Instagram,English,AI Stories,ai short Stories,@telugu_ai_animations,9941,https://www.instagram.com/telugu_ai_animations/
Instagram,English,AI Stories,AI Story Creator,@moonlitaistories,9560,https://www.instagram.com/moonlitaistories/
Instagram,English,AI Stories,thestoryroom,@aistoryafs,9180,https://www.instagram.com/aistoryafs/
Instagram,English,AI Stories,Ai stories,@aistoriesgng,8917,https://www.instagram.com/aistoriesgng/
Instagram,English,AI Stories,AI LOVE STORIES💖,@_aishort_storiess,7724,https://www.instagram.com/_aishort_storiess/
Instagram,English,AI Stories,AI Story time,@realstorytime.ai,7600,https://www.instagram.com/realstorytime.ai/
Instagram,English,AI Stories,Ai Stories TV,@ai_stories___tv,6919,https://www.instagram.com/ai_stories___tv/
Instagram,English,AI Stories,AiStories✨,@aistory_worldd,6566,https://www.instagram.com/aistory_worldd/
Instagram,English,AI Stories,AI STORIES 🤖,@_ai__stories1,5809,https://www.instagram.com/_ai__stories1/
Instagram,English,AI Stories,Dreamfame_Ai,@aistory_verse88,5281,https://www.instagram.com/aistory_verse88/
Instagram,English,AI Stories,AI Story,@aistoryre,5022,https://www.instagram.com/aistoryre/
Instagram,English,AI Stories,Ai__stories,@ai__stories26,3790,https://www.instagram.com/ai__stories26/
Instagram,English,AI Stories,Crimson Stories Ai,@crimson_stories_ai,3750,https://www.instagram.com/crimson_stories_ai/
Instagram,English,AI Stories,Love stories,@aistorytime333,3527,https://www.instagram.com/aistorytime333/
Instagram,English,AI Stories,Ai Short Stories,@ai_short_storie_5,3307,https://www.instagram.com/ai_short_storie_5/
Instagram,English,AI Stories,Ai Romance Story,@lovestory.ai07,2136,https://www.instagram.com/lovestory.ai07/
Instagram,English,AI Stories,AI Stories 💭,@_scene_by_soul_,2036,https://www.instagram.com/_scene_by_soul_/
Instagram,English,Animation,Walt Disney Animation Studios,@disneyanimation,6000000,https://www.instagram.com/disneyanimation/
Instagram,English,Animation,Humor Animations,@humoranimations0,2500000,https://www.instagram.com/humoranimations0/
Instagram,English,Animation,Toei Animation,@toei_animation,2500000,https://www.instagram.com/toei_animation/
Instagram,English,Animation,Weird Animations,@weirdanimation,1900000,https://www.instagram.com/weirdanimation/
Instagram,English,Animation,Cartoon-Box,@cartoon_box_animation,1400000,https://www.instagram.com/cartoon_box_animation/
Instagram,English,Animation,Saloni   Animator   Illustrator,@itsalittlethings,1000000,https://www.instagram.com/itsalittlethings/
Instagram,English,Animation,⚡ Rabbert & Nestor⚡,@animator_u__,634000,https://www.instagram.com/animator_u__/
Instagram,English,Animation,Muqeet Ki Animation,@muqeetkianimation_,275000,https://www.instagram.com/muqeetkianimation_/
Instagram,English,Animation,Animator,@anime.creator.ai,265000,https://www.instagram.com/anime.creator.ai/
Instagram,English,Animation,2D Animation India 🇮🇳,@india2d,263000,https://www.instagram.com/india2d/
Instagram,English,Animation,cartoon animation,@_cartoon_animation__,248000,https://www.instagram.com/_cartoon_animation__/
Instagram,English,Animation,Animation Gyan,@animationgyan7,186000,https://www.instagram.com/animationgyan7/
Instagram,English,Animation,Noor Animation World,@noor_animation_world,140000,https://www.instagram.com/noor_animation_world/
Instagram,English,Animation,Animation,@animation,120000,https://www.instagram.com/animation/
Instagram,English,Animation,Mish’s animation,@animator_mish_,93400,https://www.instagram.com/animator_mish_/
Instagram,English,Animation,Mina,@animator.mina,75600,https://www.instagram.com/animator.mina/
Instagram,English,Animation,Cartoon_animation,@cartoon_animationg,66700,https://www.instagram.com/cartoon_animationg/
Instagram,English,Animation,CartoonAnimation,@cartoonanimationwala,66400,https://www.instagram.com/cartoonanimationwala/
Instagram,English,Animation,Animator Nik,@animator_nik,57900,https://www.instagram.com/animator_nik/
Instagram,English,Animation,𖥻៹ℜ𝔞𝖍𝖚𝔩𝕶𝔲𝔪𝔞𝔯🌻✨,@cartoon__animationg,46000,https://www.instagram.com/cartoon__animationg/
Instagram,English,Animation,cartoon animation 2,@cartoon_animation__2,40100,https://www.instagram.com/cartoon_animation__2/
Instagram,English,Animation,Animator,@anim.ator11,34700,https://www.instagram.com/anim.ator11/
Instagram,English,Animation,Zara hayat khan,@zara_animationstory786,29200,https://www.instagram.com/zara_animationstory786/
Instagram,English,Animation,cartoon animation,@cartoonanimation2121,24800,https://www.instagram.com/cartoonanimation2121/
Instagram,English,Animation,(❥sᴛᴀɴᴅᴜᴘ😋ᴄᴏᴍᴀᴅɪᴀɴ❥),@2d.animation___,20500,https://www.instagram.com/2d.animation___/
Instagram,English,Animation,𝔸ℕ𝕀𝕄𝔸𝕋𝕆ℝ/𝕊ℍ𝕆𝕎/𝔹𝔸𝕂𝕌🎉,@animator.aze,14100,https://www.instagram.com/animator.aze/
Instagram,English,Animation,Animated videos,@animate.with.me_1,13400,https://www.instagram.com/animate.with.me_1/
Instagram,English,Animation,kush    Animator,@kush_animator,13100,https://www.instagram.com/kush_animator/
Instagram,English,Animation,viee,@viee_animations,11900,https://www.instagram.com/viee_animations/
Instagram,English,Animation,cartoon__animation,@cartoon__animation____,11500,https://www.instagram.com/cartoon__animation____/
Instagram,English,Animation,🇮🇳 Amit Raj 🇮🇳,@2d_animation_pro,11000,https://www.instagram.com/2d_animation_pro/
Instagram,English,Animation,Animated Videos,@animated.flix_,8980,https://www.instagram.com/animated.flix_/
Instagram,English,Animation,Animation world,@cartoonanimation6969,8466,https://www.instagram.com/cartoonanimation6969/
Instagram,English,Animation,2D animation creative stories,@2danimation95_3,7670,https://www.instagram.com/2danimation95_3/
Instagram,English,Animation,muna_edit,@2d_animation_239,7066,https://www.instagram.com/2d_animation_239/
Instagram,English,Animation,2D Animation AI,@2d.animation.ai,6712,https://www.instagram.com/2d.animation.ai/
Instagram,English,Animation,animated videos,@picsartking9161,6695,https://www.instagram.com/picsartking9161/
Instagram,English,Animation,unimotion,@uniqueanimationera,6494,https://www.instagram.com/uniqueanimationera/
Instagram,English,Animation,Animated videos,@funny_animated.v,5797,https://www.instagram.com/funny_animated.v/
Instagram,English,Animation,Visually,@visually.animations,5030,https://www.instagram.com/visually.animations/
Instagram,English,Animation,2d animation,@stickmanfiles04,3694,https://www.instagram.com/stickmanfiles04/
Instagram,English,Animation,2D ANIMATION,@2d_animation_cartoon,3355,https://www.instagram.com/2d_animation_cartoon/
Instagram,English,Animation,animation stories._18,@animationstories._1818,3332,https://www.instagram.com/animationstories._1818/
Instagram,English,Animation,2d Animation,@2d_animation8900,3318,https://www.instagram.com/2d_animation8900/
Instagram,English,Animation,2D Animation,@2dcar2on,3137,https://www.instagram.com/2dcar2on/
Instagram,English,Animation,2d Animation,@__sanju__animetions,2711,https://www.instagram.com/__sanju__animetions/
Instagram,English,Animation,Animation cartoons,@animatedvideo_s,2532,https://www.instagram.com/animatedvideo_s/
Instagram,English,Animation,Animated Videos,@anistoryflix,2474,https://www.instagram.com/anistoryflix/
Instagram,English,Animation,King Animator,@kinganimator_ai,2448,https://www.instagram.com/kinganimator_ai/
Instagram,English,Animation,Lana,@animator_lana,2246,https://www.instagram.com/animator_lana/
Instagram,English,Channeling,Alphachanneling,@alphachanneling,1300000,https://www.instagram.com/alphachanneling/
Instagram,English,Channeling,Pavlina Klemm I Spiritualität I Channeling,@pavlinaklemm,19600,https://www.instagram.com/pavlinaklemm/
Instagram,English,Channeling,⭐️Spiritual Teacher⭐️,@1111messages,11600,https://www.instagram.com/1111messages/
Instagram,English,Channeling,Manifestation • Astrology • Angel Numbers,@spiritualmessages111,10600,https://www.instagram.com/spiritualmessages111/
Instagram,English,Channeling,Akashic Crystals 🔮 Tarot Reading • Channeling • Energy Work,@akashiccrystals.co,7574,https://www.instagram.com/akashiccrystals.co/
Instagram,English,Channeling,Elisa Medhus,@channeling_erik,4783,https://www.instagram.com/channeling_erik/
Instagram,English,Channeling,Elizabeth   Shadow Work Tarot + Channeling,@coffeecupstarot,3437,https://www.instagram.com/coffeecupstarot/
Instagram,English,Channeling,🧿𝑴𝒂𝒓𝒚 ~ 𝙊𝙧𝙖𝙘𝙡𝙚 & 𝙏𝙖𝙧��𝙩 𝙄𝙣𝙩𝙪𝙞𝙩𝙞𝙫𝙚 𝙍𝙚𝙖𝙙𝙞𝙣𝙜𝙨,@channelingthevenus222,3043,https://www.instagram.com/channelingthevenus222/
Instagram,English,Channeling,divine message 777,@divine_message_777,2787,https://www.instagram.com/divine_message_777/
Instagram,English,Channeling,Spiritual Messages,@spiritual.msg,2696,https://www.instagram.com/spiritual.msg/
Instagram,English,Emotional Stories,"Sandeep Pandit I Stories, Quotes & Life Lessons",@thesandeep0303,249000,https://www.instagram.com/thesandeep0303/
Instagram,English,Emotional Stories,Emotional story,@emotional_story_76,157000,https://www.instagram.com/emotional_story_76/
Instagram,English,Emotional Stories,emotional stories,@ehmmbh20,128000,https://www.instagram.com/ehmmbh20/
Instagram,English,Emotional Stories,emotional_story,@emotional_story_82,105000,https://www.instagram.com/emotional_story_82/
Instagram,English,Emotional Stories,sad stories,@sad_storie_s,85400,https://www.instagram.com/sad_storie_s/
Instagram,English,Emotional Stories,Heart Touching Stories,@hearttouchingstoriesoffl,51400,https://www.instagram.com/hearttouchingstoriesoffl/
Instagram,English,Emotional Stories,heart,@life_lessons_stories____,31600,https://www.instagram.com/life_lessons_stories____/
Instagram,English,Emotional Stories,"Quotes,stories, Love & Life lessons, relationships 🍀",@wordweaverstudio,22900,https://www.instagram.com/wordweaverstudio/
Instagram,English,Emotional Stories,🫶🏻,@emotional_storiess,22500,https://www.instagram.com/emotional_storiess/
Instagram,English,Emotional Stories,Thoda Ruko   Life Lessons & Stories 🌿,@thodaruko.tv,12900,https://www.instagram.com/thodaruko.tv/
Instagram,English,Emotional Stories,Kids Stories   Life lessons,@kidssayit.stories,12700,https://www.instagram.com/kidssayit.stories/
Instagram,English,Emotional Stories,Heart Touching Stories,@heart_touching_stories,5010,https://www.instagram.com/heart_touching_stories/
Instagram,English,Emotional Stories,📖 𝖰𝗎𝗋𝖺𝗇 𝖱𝖾𝖼𝗂𝗍𝖺𝗍𝗂𝗈𝗇 360   ❤️ 𝖧𝖾𝖺𝗋𝗍-𝖳𝗈𝗎𝖼𝗁𝗂𝗇𝗀 𝖲𝗍𝗈𝗋𝗂𝖾𝗌,@quranrecitation360y,4819,https://www.instagram.com/quranrecitation360y/
Instagram,English,Emotional Stories,emotional _story,@emotional_story19,3456,https://www.instagram.com/emotional_story19/
Instagram,English,Emotional Stories,Emotional Story 🥺,@emotional__story3,2707,https://www.instagram.com/emotional__story3/
Instagram,English,Family Stories,We The Mums   Parenting Stories & Support,@wethemums,217000,https://www.instagram.com/wethemums/
Instagram,English,Family Stories,Parenting Encouragement   Humor   Tips   Stories,@raisingteensandtweens,189000,https://www.instagram.com/raisingteensandtweens/
Instagram,English,Family Stories,KK Family Drama,@thekkfamilydrama,128000,https://www.instagram.com/thekkfamilydrama/
Instagram,English,Family Stories,Familyskp Drama,@familydramaskp,101000,https://www.instagram.com/familydramaskp/
Instagram,English,Family Stories,Parenting stories,@chintudoodles,94700,https://www.instagram.com/chintudoodles/
Instagram,English,Family Stories,FAMILY DRAMA,@_family_drama_,49700,https://www.instagram.com/_family_drama_/
Instagram,English,Family Stories,ToonKido TV   Kids Cartoons & Stories   parenting,@toonkidotv_,34100,https://www.instagram.com/toonkidotv_/
Instagram,English,Family Stories,LIVE LOVE 🧿🌺,@family__drama__143,33400,https://www.instagram.com/family__drama__143/
Instagram,English,Family Stories,family story,@familystore8990,30300,https://www.instagram.com/familystore8990/
Instagram,English,Family Stories,familystoryhindi,@family_story_hindi,24100,https://www.instagram.com/family_story_hindi/
Instagram,English,Family Stories,MOM & SON Stories,@familybondstories,19900,https://www.instagram.com/familybondstories/
Instagram,English,Family Stories,Mom Gaby Stories,@momgabystories,19700,https://www.instagram.com/momgabystories/
Instagram,English,Family Stories,Family Story,@familystoryind,13500,https://www.instagram.com/familystoryind/
Instagram,English,Family Stories,FAMILY Drama,@family_drama_20,12900,https://www.instagram.com/family_drama_20/
Instagram,English,Family Stories,FAMILY STORY   RESTAURANT,@family.story.restaurant,11900,https://www.instagram.com/family.story.restaurant/
Instagram,English,Family Stories,Mom Stories,@momstories.gr,11400,https://www.instagram.com/momstories.gr/
Instagram,English,Family Stories,Parenting   Lifestyle   stories,@parenting_lifestyle_stories,9640,https://www.instagram.com/parenting_lifestyle_stories/
Instagram,English,Family Stories,"Dr Sarah Mundy, Psychologist",@parenting_through_stories,9495,https://www.instagram.com/parenting_through_stories/
Instagram,English,Family Stories,FAMILY DRAMA USA,@family.drama.usa,8568,https://www.instagram.com/family.drama.usa/
Instagram,English,Family Stories,MOTHERHOOD PLATFORM,@momstories,7254,https://www.instagram.com/momstories/
Instagram,English,Family Stories,Little Chaos Tales   Parenting Stories,@littlechaostales,5700,https://www.instagram.com/littlechaostales/
Instagram,English,Family Stories,family_drama__show,@bestdramashow,4905,https://www.instagram.com/bestdramashow/
Instagram,English,Family Stories,Jennifer Fritz   Goalie Mom Co.   Goalie Parenting Stories,@goaliemomdiaries,4019,https://www.instagram.com/goaliemomdiaries/
Instagram,English,Funny Videos,Funny Memes,@epicfunnypage,13400000,https://www.instagram.com/epicfunnypage/
Instagram,English,Funny Videos,Funny Memes,@funnymemes,5600000,https://www.instagram.com/funnymemes/
Instagram,English,Funny Videos,Funny Memes,@epicdailyjokes,3500000,https://www.instagram.com/epicdailyjokes/
Instagram,English,Funny Videos,Funny and Relatable Memes,@circleofidiots,2800000,https://www.instagram.com/circleofidiots/
Instagram,English,Funny Videos,Comedy Videos,@one.minute.videos,2800000,https://www.instagram.com/one.minute.videos/
Instagram,English,Funny Videos,Funny memes 24×7 😍😂,@memes_ka_hutiapa,867000,https://www.instagram.com/memes_ka_hutiapa/
Instagram,English,Funny Videos,Funny videos 😂,@memescape.hub,312000,https://www.instagram.com/memescape.hub/
Instagram,English,Funny Videos,Funny Memes😜 (500K🎯),@funny_memes_funny_jokes,295000,https://www.instagram.com/funny_memes_funny_jokes/
Instagram,English,Funny Videos,funny Clips,@funnyclips0044,244000,https://www.instagram.com/funnyclips0044/
Instagram,English,Funny Videos,Funny clips   Scare pranks,@laugh_.harder,195000,https://www.instagram.com/laugh_.harder/
Instagram,English,Funny Videos,Viral Funny Life,@funny_vibes_1466,151000,https://www.instagram.com/funny_vibes_1466/
Instagram,English,Funny Videos,Funny Videos,@funny_videos_754,108000,https://www.instagram.com/funny_videos_754/
Instagram,English,Funny Videos,Funny memes,@itz__funny__memes,35700,https://www.instagram.com/itz__funny__memes/
Instagram,English,Funny Videos,funny videos,@funny_videos_funny_pranks,25600,https://www.instagram.com/funny_videos_funny_pranks/
Instagram,English,Funny Videos,,@comedy.videos.50,25200,https://www.instagram.com/comedy.videos.50/
Instagram,English,Funny Videos,Ni. siblings,@comedy.videos.01,22400,https://www.instagram.com/comedy.videos.01/
Instagram,English,Funny Videos,funny clips,@funnyclips8877,22200,https://www.instagram.com/funnyclips8877/
Instagram,English,Funny Videos,Memes_ke,@funny_memes_kenya,15200,https://www.instagram.com/funny_memes_kenya/
Instagram,English,Funny Videos,Funny Videos,@funny._.shorts,14200,https://www.instagram.com/funny._.shorts/
Instagram,English,Funny Videos,Comedy   Videos,@__comedy____,12800,https://www.instagram.com/__comedy____/
Instagram,English,Funny Videos,Funny Clips,@funny._._._clips,12700,https://www.instagram.com/funny._._._clips/
Instagram,English,Funny Videos,funny clips,@fun_nyclips2026,11100,https://www.instagram.com/fun_nyclips2026/
Instagram,English,Funny Videos,Viral Funny,@viralfunnygroup,7426,https://www.instagram.com/viralfunnygroup/
Instagram,English,Funny Videos,𝐅𝐮𝐧𝐧𝐲 𝐂𝐥𝐢𝐩𝐬 😂😎,@w_funnyclips,6152,https://www.instagram.com/w_funnyclips/
Instagram,English,Funny Videos,Funny memes,@funnyy_mem.es_,6030,https://www.instagram.com/funnyy_mem.es_/
Instagram,English,Funny Videos,?,@funny_.meme_s,4825,https://www.instagram.com/funny_.meme_s/
Instagram,English,Funny Videos,funnyclipsbyak,@funnyclipsbyak,4423,https://www.instagram.com/funnyclipsbyak/
Instagram,English,Funny Videos,COMEDY VIDEOS 📷⚜️,@mamu_bhanja__vlog.__,4396,https://www.instagram.com/mamu_bhanja__vlog.__/
Instagram,English,Funny Videos,comedy videos,@khalnayak_comedy0,4259,https://www.instagram.com/khalnayak_comedy0/
Instagram,English,Funny Videos,FUNNY VIDEOS,@funn_yvideos2468,4222,https://www.instagram.com/funn_yvideos2468/
Instagram,English,Funny Videos,comedy videos,@comedy__reels_reels,4133,https://www.instagram.com/comedy__reels_reels/
Instagram,English,Funny Videos,Funny moments,@hit.or.bust,3173,https://www.instagram.com/hit.or.bust/
Instagram,English,Funny Videos,funny._.clips,@funnyclips11663,3025,https://www.instagram.com/funnyclips11663/
Instagram,English,Funny Videos,Funny Videos   Video Gazmore,@funnymoments.al,2944,https://www.instagram.com/funnymoments.al/
Instagram,English,Horror,American Horror Story,@ahsfx,2600000,https://www.instagram.com/ahsfx/
Instagram,English,Horror,Creepy Stories,@creep_storiez,113000,https://www.instagram.com/creep_storiez/
Instagram,English,Horror,Horror Stories With Rizwan,@horrorstorieswithrizwan,107000,https://www.instagram.com/horrorstorieswithrizwan/
Instagram,English,Horror,Scary Videos Official,@scaryvideosofficial,104000,https://www.instagram.com/scaryvideosofficial/
Instagram,English,Horror,Scary Stories,@scary.stories,68000,https://www.instagram.com/scary.stories/
Instagram,English,Horror,Scary Stories Movie,@scarystoriesmovie,44200,https://www.instagram.com/scarystoriesmovie/
Instagram,English,Horror,Prachie Singh,@horror_stories13_,37200,https://www.instagram.com/horror_stories13_/
Instagram,English,Horror,Creepy Stories 👻,@clearpace,15800,https://www.instagram.com/clearpace/
Instagram,English,Horror,True Horror Stories POV,@thspovsg,14800,https://www.instagram.com/thspovsg/
Instagram,English,Horror,True Horror Channel,@truehorrorchannel,14100,https://www.instagram.com/truehorrorchannel/
Instagram,English,Horror,Scary Videos And Pictures,@scary_videos_and_pictures,12000,https://www.instagram.com/scary_videos_and_pictures/
Instagram,English,Horror,HORROR STORY,@horrorstory7186,11500,https://www.instagram.com/horrorstory7186/
Instagram,English,Horror,Horror Stories,@horrorstory,9487,https://www.instagram.com/horrorstory/
Instagram,English,Horror,Creepy Stories,@_frightening.posts_,6866,https://www.instagram.com/_frightening.posts_/
Instagram,English,Horror,Horror stories,@the_horror_stories12,5667,https://www.instagram.com/the_horror_stories12/
Instagram,English,Horror,Scary stories,@scarystories43_,4792,https://www.instagram.com/scarystories43_/
Instagram,English,Horror,Horror Story Account,@horror.stories__,4644,https://www.instagram.com/horror.stories__/
Instagram,English,Horror,SCARY VIDEOS.,@scary_vids,3964,https://www.instagram.com/scary_vids/
Instagram,English,Horror,Horror Stories Hindi Urdu,@horrorstorieshindiurdu,3838,https://www.instagram.com/horrorstorieshindiurdu/
Instagram,English,Horror,True Horror with Wolf & a Mummy,@truehorror_with_wolf_and_a_mum,3136,https://www.instagram.com/truehorror_with_wolf_and_a_mum/
Instagram,English,Horror,scary stories💀,@scary.storiess,2434,https://www.instagram.com/scary.storiess/
Instagram,English,Horror,Scary Stories,@untold.history1889,2382,https://www.instagram.com/untold.history1889/
Instagram,English,Kids,JunaBee   Toddler Learning Videos,@junabeekids,485000,https://www.instagram.com/junabeekids/
Instagram,English,Kids,𝗸𝗶𝗱𝘀𝗰𝗮𝗿𝘁𝗼𝗼𝗻,@kids_cartoonchannel,297000,https://www.instagram.com/kids_cartoonchannel/
Instagram,English,Kids,Ishant Damara,@kids_learning901,187000,https://www.instagram.com/kids_learning901/
Instagram,English,Kids,ChuChu TV Kids Songs & Stories,@chuchutv,118000,https://www.instagram.com/chuchutv/
Instagram,English,Kids,ᴋɪᴅꜱ ʟᴇᴀʀɴɪɴɢ ʜᴜʙ,@kids_learning_hub_punit_kumar,68500,https://www.instagram.com/kids_learning_hub_punit_kumar/
Instagram,English,Kids,Kids Nursery Rhymes Tv,@nursery__rhymes__tv,56900,https://www.instagram.com/nursery__rhymes__tv/
Instagram,English,Kids,"Miraj Stories, Muslim Kids App",@miraj_stories,30000,https://www.instagram.com/miraj_stories/
Instagram,English,Kids,Kids Learning Worksheets..📚,@littlesparks_worksheets,25700,https://www.instagram.com/littlesparks_worksheets/
Instagram,English,Kids,Bounce Patrol - Kids Songs & Videos,@bouncepatrol,25200,https://www.instagram.com/bouncepatrol/
Instagram,English,Kids,Bhartiya Kids   Nursery Rhymes,@nursery.rhymes.98,24900,https://www.instagram.com/nursery.rhymes.98/
Instagram,English,Kids,Kids Learning,@learnwith_kid,24200,https://www.instagram.com/learnwith_kid/
Instagram,English,Kids,Kid's Learning is Fun 59,@kids_learning_is_fun59,22900,https://www.instagram.com/kids_learning_is_fun59/
Instagram,English,Kids,kidslovelylearning,@kidslovelylearning,16900,https://www.instagram.com/kidslovelylearning/
Instagram,English,Kids,👧🏻👦🏻🧒🏻,@kids_learning_activities,10200,https://www.instagram.com/kids_learning_activities/
Instagram,English,Kids,AI Toddler Videos   Cute Reels,@aitinytykoon,7197,https://www.instagram.com/aitinytykoon/
Instagram,English,Kids,TotoTiki Rhymes   Family & Kids Songs,@tototikirhymes,5595,https://www.instagram.com/tototikirhymes/
Instagram,English,Kids,Kids Learning Products   Books & Flashcards,@preschoolerofficial,4814,https://www.instagram.com/preschoolerofficial/
Instagram,English,Kids,Kids Bedtime Stories 🌙 Gemma,@bedtimestoryco,4173,https://www.instagram.com/bedtimestoryco/
Instagram,English,Kids,kids cartoons.....,@kids_cartoon_1802,3327,https://www.instagram.com/kids_cartoon_1802/
Instagram,English,Kids,Kids_learning,@kids_learning5,2823,https://www.instagram.com/kids_learning5/
Instagram,English,Kids,Nursery Rhymes - Kids Songs,@nurseryrhymes.site,2547,https://www.instagram.com/nurseryrhymes.site/
Instagram,English,Kids,kids cartoon,@ai._kids_cartoon,2381,https://www.instagram.com/ai._kids_cartoon/
Instagram,English,Kids,Kids Stories   Cartoons   Fairy Tales,@littletales.kids,2274,https://www.instagram.com/littletales.kids/
Instagram,English,Kids,kids Stories,@slowenglish2026,2203,https://www.instagram.com/slowenglish2026/
Instagram,English,Kids,Cute Toddler Videos,@cute.toodler.vidz,2194,https://www.instagram.com/cute.toodler.vidz/
Instagram,English,Kids,Nursery Rhymes For Kids,@nurseryrhymes.donate,2183,https://www.instagram.com/nurseryrhymes.donate/
Instagram,English,Podcast,The Diary Of A CEO - With Steven Bartlett,@thediaryofaceopodcast,3900000,https://www.instagram.com/thediaryofaceopodcast/
Instagram,English,Podcast,Jay Shetty,@jayshettypodcast,2500000,https://www.instagram.com/jayshettypodcast/
Instagram,English,Podcast,The Ranveer Show,@theranveershowpodcast,1900000,https://www.instagram.com/theranveershowpodcast/
Instagram,English,Podcast,PBD Podcast,@pbd.podcast,684000,https://www.instagram.com/pbd.podcast/
Instagram,English,Podcast,The Honest Bunch Podcast,@thehonestbunchpodcast,581000,https://www.instagram.com/thehonestbunchpodcast/
Instagram,English,Podcast,The Pocket with Chris Griffin,@thepocketpodcast,410000,https://www.instagram.com/thepocketpodcast/
Instagram,English,Podcast,𝑼𝒑𝒏𝒆𝒆𝒕 𝒀𝒂𝒅𝒂𝒗,@__podcastclips,396000,https://www.instagram.com/__podcastclips/
Instagram,English,Podcast,Social 😂 beuro,@podcast__beuro,251000,https://www.instagram.com/podcast__beuro/
Instagram,English,Podcast,"OK, Mom Podcast",@okmompodcast,223000,https://www.instagram.com/okmompodcast/
Instagram,English,Podcast,Tushar Rawat,@futuredesks_podcast,180000,https://www.instagram.com/futuredesks_podcast/
Instagram,English,Podcast,podcast moments,@podcast.moment,99200,https://www.instagram.com/podcast.moment/
Instagram,English,Podcast,Podcast clips,@podcastclips333,97000,https://www.instagram.com/podcastclips333/
Instagram,English,Podcast,podcast_clips,@astrology_clip,79600,https://www.instagram.com/astrology_clip/
Instagram,English,Podcast,WTF Podcast Unofficial Clips,@wtfpodcastclips,72900,https://www.instagram.com/wtfpodcastclips/
Instagram,English,Podcast,TBT Podcast,@thoughtbehindthings,53600,https://www.instagram.com/thoughtbehindthings/
Instagram,English,Podcast,HowDoesItWork?,@howdoesitwork.podcast,53600,https://www.instagram.com/howdoesitwork.podcast/
Instagram,English,Podcast,Sidra Podcast,@sidra_podcast,42400,https://www.instagram.com/sidra_podcast/
Instagram,English,Podcast,Podcast With Abu Ayesha,@podcastwithabuayesha,42200,https://www.instagram.com/podcastwithabuayesha/
Instagram,English,Podcast,Talha Ahad,@talhaahadpodcast,32600,https://www.instagram.com/talhaahadpodcast/
Instagram,English,Podcast,Podcast-clips 𝙃𝙞𝙜𝙝𝙡𝙞𝙜𝙝𝙩𝙨,@podclipshighlights,30000,https://www.instagram.com/podclipshighlights/
Instagram,English,Podcast,Podcast Clips,@in_podclips,27800,https://www.instagram.com/in_podclips/
Instagram,English,Podcast,Ahmed Fozan Podcast,@ahmed_fozan_podcast,26900,https://www.instagram.com/ahmed_fozan_podcast/
Instagram,English,Podcast,The Burger Shop,@theburgershoppodcast,25400,https://www.instagram.com/theburgershoppodcast/
Instagram,English,Podcast,,@podcast,21300,https://www.instagram.com/podcast/
Instagram,English,Podcast,𝐏𝐨𝐝𝐜𝐚��𝐭.𝐒𝐡𝐨𝐰 𝟓,@podcast.show5,20700,https://www.instagram.com/podcast.show5/
Instagram,English,Podcast,Startup Pakistan Podcast,@startuppakistanpodcast,19900,https://www.instagram.com/startuppakistanpodcast/
Instagram,English,Podcast,Podcast Clips,@_podcast__clips__,19800,https://www.instagram.com/_podcast__clips__/
Instagram,English,Podcast,Podcast & Chill with MacG highlights,@chillerscorner,14600,https://www.instagram.com/chillerscorner/
Instagram,English,Podcast,Triple Trouble Podcast,@tripletroublepodcastfp,13900,https://www.instagram.com/tripletroublepodcastfp/
Instagram,English,Podcast,Podcast   Clips🎙️,@verdadfria.es,13700,https://www.instagram.com/verdadfria.es/
Instagram,English,Podcast,Podcast clips,@podcast_clips_official_,12900,https://www.instagram.com/podcast_clips_official_/
Instagram,English,Podcast,Podcast. Clips,@podcast.clips57,12000,https://www.instagram.com/podcast.clips57/
Instagram,English,Podcast,PODCAST SHOW,@podcast__editor,10200,https://www.instagram.com/podcast__editor/
Instagram,English,Podcast,The Podcast Show,@podcastshowldn,6788,https://www.instagram.com/podcastshowldn/
Instagram,English,Podcast,PodcastClips,@podcast.__clips,5373,https://www.instagram.com/podcast.__clips/
Instagram,English,Podcast,Raj Shamani Podcast Highlights,@rajshamanihighlights,4359,https://www.instagram.com/rajshamanihighlights/
Instagram,English,Podcast,PODCAST SHOW,@t3_tea_table_talk,3209,https://www.instagram.com/t3_tea_table_talk/
Instagram,English,Podcast,🪞💫,@podcast_moments_11,3205,https://www.instagram.com/podcast_moments_11/
Instagram,English,Street Interview,"Dream Boys   Public Interviews, Giveaways, Win 🥇",@dreamboysza,2000000,https://www.instagram.com/dreamboysza/
Instagram,English,Street Interview,Street Interviews,@streetinterviewsofficial,213000,https://www.instagram.com/streetinterviewsofficial/
Instagram,English,Street Interview,Comedy Central,@publicinterviewindia,205000,https://www.instagram.com/publicinterviewindia/
Instagram,English,Street Interview,SUNIL   STREET INTERVIEWS,@buildwithsunil_,199000,https://www.instagram.com/buildwithsunil_/
Instagram,English,Street Interview,𝘽𝙖𝙠𝙝𝙩𝙞𝙮𝙤𝙧𝙞 𝙇𝙤𝙞𝙠𝙯𝙤𝙙𝙖   𝙉𝙔𝘾 𝙎𝙩𝙧𝙚𝙚𝙩 𝙄𝙣𝙩𝙚𝙧𝙫𝙞𝙚𝙬𝙨   𝙐𝙣𝙞𝙩𝙮 & 𝙋𝙚𝙖𝙘𝙚,@avenueofpeace,124000,https://www.instagram.com/avenueofpeace/
Instagram,English,Street Interview,Public Interview / Street interviews,@ajmossa_yt,102000,https://www.instagram.com/ajmossa_yt/
Instagram,English,Street Interview,Quvonchbek   Street Interview   Vayn,@quvon.official,20100,https://www.instagram.com/quvon.official/
Instagram,English,Street Interview,Dama Amsterdama   Luxury Street Interviews   Europe,@damamsterdamaa,20100,https://www.instagram.com/damamsterdamaa/
Instagram,English,Street Interview,Kate   Street Interviewer,@kateconnects,14600,https://www.instagram.com/kateconnects/
Instagram,English,Street Interview,Street Interview   Normatov Nurmatjon,@savolchii,9108,https://www.instagram.com/savolchii/
Instagram,English,Street Interview,Street Ink Interviews,@streetinkinterviews,8463,https://www.instagram.com/streetinkinterviews/
Instagram,English,Street Interview,Street interview,@sandiegomic,6757,https://www.instagram.com/sandiegomic/
Instagram,English,Street Interview,NikaTas   Street Interviews  🇩🇪,@nikatas.street,6382,https://www.instagram.com/nikatas.street/
Instagram,English,Street Interview,LA Street Interviews,@itsbigcriss,5970,https://www.instagram.com/itsbigcriss/
Instagram,English,Street Interview,Asking A Stranger,@askingastranger.sg,5884,https://www.instagram.com/askingastranger.sg/
Instagram,English,Street Interview,Street Questions,@people__talks,5106,https://www.instagram.com/people__talks/
Instagram,English,Street Interview,Street Interviewer,@ryderchristtv,5049,https://www.instagram.com/ryderchristtv/
Instagram,English,Street Interview,Street Interview TV,@streetinterviewtvofficial,3225,https://www.instagram.com/streetinterviewtvofficial/
Instagram,English,Street Interview,Public Interviews   Talks   Travel   Lifestyle,@anjaligour.co,2431,https://www.instagram.com/anjaligour.co/
Instagram,English,Street Interview,Street Logbook   Street interviews,@streetlogbook,2270,https://www.instagram.com/streetlogbook/
Instagram,English,Street Interview,,@publicinterview2026,2261,https://www.instagram.com/publicinterview2026/
Instagram,English,Street Interview,Street Interview Agency,@street.interview.agency,2015,https://www.instagram.com/street.interview.agency/